number,specname
1,so4_conc_1
2,so4_conc_2
3,so4_conc_3
4,no3_conc_1
5,no3_conc_2
6,no3_conc_3
7,cl_conc_1
8,cl_conc_2
9,cl_conc_3
10,nh4_conc_1
11,nh4_conc_2
12,nh4_conc_3
13,msa_conc_1
14,msa_conc_2
15,msa_conc_3
16,aro1_conc_1
17,aro1_conc_2
18,aro1_conc_3
19,aro2_conc_1
20,aro2_conc_2
21,aro2_conc_3
22,alk1_conc_1
23,alk1_conc_2
24,alk1_conc_3
25,ole1_conc_1
26,ole1_conc_2
27,ole1_conc_3
28,api1_conc_1
29,api1_conc_2
30,api1_conc_3
31,api2_conc_1
32,api2_conc_2
33,api2_conc_3
34,lim1_conc_1
35,lim1_conc_2
36,lim1_conc_3
37,lim2_conc_1
38,lim2_conc_2
39,lim2_conc_3
40,co3_conc_1
41,co3_conc_2
42,co3_conc_3
43,na_conc_1
44,na_conc_2
45,na_conc_3
46,ca_conc_1
47,ca_conc_2
48,ca_conc_3
49,oin_conc_1
50,oin_conc_2
51,oin_conc_3
52,oc_conc_1
53,oc_conc_2
54,oc_conc_3
55,bc_conc_1
56,bc_conc_2
57,bc_conc_3
58,h2o_conc_1
59,h2o_conc_2
60,h2o_conc_3
61,H2SO4
62,HNO3
63,HCL
64,NH3
65,NO
66,NO2
67,NO3
68,N2O5
69,HONO
70,HNO4
71,O3
72,O1D
73,O3P
74,OH
75,HO2
76,H2O2
77,CO
78,SO2
79,CH4
80,C2H6
81,CH3O2
82,ETHP
83,HCHO
84,CH3OH
85,ANOL
86,CH3OOH
87,ETHOOH
88,ALD2
89,HCOOH
90,RCOOH
91,C2O3
92,PAN
93,DMS
94,MSA
95,DMSO
96,DMSO2
97,CH3SO2
98,CH3SO3
99,C2H5OH
100,NPROPOL
101,IPROPOL
102,NBUTOL
103,BUT2OL
104,IBUTOL
105,TBUTOL
106,PECOH
107,IPEAOH
108,ME3BUOL
109,IPECOH
110,IPEBOH
111,CYHEXOL
112,MIBKAOH
113,ETHGLY
114,PROPGLY
115,MBO
116,CH3CHO
117,C2H5CHOOA
118,C3H7CHO
119,IPRCHO
120,C4H9CHO
121,ACR
122,MACR
123,C4ALDB
124,C3H8
125,NC4H10
126,IC4H10
127,NC5H12
128,IC5H12
129,NEOP
130,NC6H14
131,M2PE
132,M3PE
133,M22C4
134,M23C4
135,NC7H16
136,M2HEX
137,M3HEX
138,NC8H18
139,NC9H20
140,NC10H22
141,NC11H24
142,NC12H26
143,CHEX
144,C2H4
145,C3H6
146,BUT1ENE
147,CBUT2ENE
148,TBUT2ENE
149,MEPROPENE
150,PENT1ENE
151,CPENT2ENE
152,TPENT2ENE
153,ME2BUT1ENE
154,ME3BUT1ENE
155,ME2BUT2ENE
156,HEX1ENE
157,CHEX2ENE
158,THEX2ENE
159,DM23BU2ENE
160,C2H2
161,BENZENE
162,TOLUENE
163,OXYL
164,MXYL
165,PXYL
166,EBENZ
167,PBENZ
168,IPBENZ
169,TM123B
170,TM124B
171,TM135B
172,OETHTOL
173,PETHTOL
174,DIME35EB
175,DIET35TOL
176,STYRENE
177,BENZAL
178,XYL
179,CH2CL2
180,CHCL3
181,CH3CCL3
182,TCE
183,TRICLETH
184,CDICLETH
185,TDICLETH
186,CH2CLCH2CL
187,CCL2CH2
188,CL12PROP
189,CHCL2CH3
190,CH3CH2CL
191,CHCL2CHCL2
192,CH2CLCHCL2
193,VINCL
194,C4H6
195,C5H8
196,CH3OCHO
197,METHACET
198,ETHACETOH
199,NPROACET
200,IPROACET
201,NBUTACET
202,SBUTACET
203,TBUACET
204,CH3OCH3
205,DIETETHER
206,MTBE
207,DIIPRETHER
208,ETBE
209,MO2EOL
210,EOX2EOL
211,PR2OHMOX
212,BUOX2ETOH
213,BOX2PROL
214,CH3BR
215,DIBRET
216,CH3COCH3
217,MEK
218,MPRK
219,DIEK
220,MIPK
221,HEX2ONE
222,HEX3ONE
223,MIBK
224,MTBK
225,CYHEXONE
226,APINENE
227,BPINENE
228,LIMONENE
229,BCARY
230,CH3CO2H
231,PROPACID
232,DMM
233,DMC
234,ETHOX
235,ARO1
236,ARO2
237,ALK1
238,OLE1
239,API1
240,API2
241,LIM1
242,LIM2
243,PAR
244,AONE
245,MGLY
246,ETH
247,OLET
248,OLEI
249,TOL
250,CRES
251,TO2
252,CRO
253,OPEN
254,ONIT
255,ROOH
256,RO2
257,ANO2
258,NAP
259,XO2
260,XPAR
261,ISOP
262,ISOPRD
263,ISOPP
264,ISOPN
265,ISOPO2
266,API
267,LIM
268,CH3SO2H
269,CH3SCH2OO
270,CH3SO2OO
271,CH3SO2CH2OO
272,SULFHOX
273,NA
274,SA
275,BR
276,O2
277,CO2
278,H2O
279,N2
280,HBR
281,IPRCOMO
282,CH3CL
283,C5CO24O
284,HO2CO3C4O
285,C51OH
286,C42CHO2O
287,INB1HPCO2H
288,TBOCOCH2O
289,DIIPRETOH
290,NC4IPDCO2
291,C735OOA
292,PGAOOB
293,C510OH
294,MXYFUOH
295,CO3C75O
296,EBENZOLOH
297,C57OH
298,PPGAOOB
299,TCE2OH
300,TM123OLOH
301,IPBENZOLOH
302,MEBFUOH
303,C127OH
304,PHENOH
305,PXYBPER2OH
306,CHCL3OH
307,BPINCOH
308,OXYOLOH
309,IPROCHO
310,PEBQO
311,IPMALANHY
312,METOLOH
313,C1313OH
314,OXYBPER2OH
315,M3HEXBOH
316,C6CYTONO
317,MXYQO
318,MAE
319,C921O
320,SBUACAOH
321,PACLOOA
322,NOPINCOH
323,MXYQOH
324,PMALNHY2OH
325,CHOC4O
326,TMB2FUOH
327,NC101O
328,CHOC4OHO
329,CYC6DIONO
330,METLQOH
331,PXYOLOH
332,OETLBPR2OH
333,IEB4CHO
334,C142OH
335,CHCL2CL2OH
336,C101O
337,CH3CCL2OH
338,DMMALYOH
339,OETLQO
340,NC4DCO2
341,DMEBPR2OH
342,C812OH
343,EIPEOH
344,NC4MDCO2
345,CH3O2NO2
346,PHIC3OH
347,C629OOA
348,ISOPBOH
349,IPRMEETOH
350,CLCO2H
351,C145OH
352,OETOLOH
353,C619O
354,C139OH
355,TLFUOH
356,CO3C85O
357,MALANHYO
358,PBENZOLOH
359,PETOLOH
360,LIMALOOA
361,OXYQO
362,IPMLNHY2OH
363,CCL3PAN
364,PTLQO
365,TM124OLOH
366,C628OOA
367,C132OH
368,C721O
369,M2HEXBOH
370,C111O
371,MOCOCH2O
372,DICLETOH
373,CH3CCH3OOC
374,C1214O
375,TMB1FUOH
376,IEB1CHO
377,EOCOCH2O
378,TM124BP2OH
379,C88O
380,PXYFUOH
381,C914O
382,PXYQO
383,C58OH
384,OXYFUOH
385,METLQO
386,C917OH
387,IPRBQO
388,APINCOH
389,PPRBQO
390,C927OH
391,CL12PRBOH
392,PETLQOH
393,C117OH
394,NC4EDCO2
395,MMALNHY2OH
396,NC72O
397,INANCOCHO
398,IBUTOLOHC
399,PETLBPR2OH
400,C827OH
401,PPACLOOA
402,C91O
403,PETLQO
404,M2PEDOH
405,C920O
406,C520OOA
407,PMALANHY
408,CO2C3CO2H
409,METLBPR2OH
410,MXYOLOH
411,C121O
412,C719OH
413,C4ME22OH
414,MC6OTKETOH
415,M23C43OH
416,CH2CL3OH
417,DEMPHOLOH
418,M3PECOH
419,DMEPHOLOH
420,TM124QO
421,C24O3CCO2H
422,IPRACOH
423,TM124QOH
424,C75O
425,C6145COO
426,PBZQO
427,EMALANHY
428,EMALNHY2OH
429,NOPINDO
430,C710O
431,DIBRETOH
432,CO14O3CO2H
433,IPRFORMOH
434,C511CHO
435,C1212OH
436,DETLBPR2OH
437,TM135OLOH
438,CRESOH
439,C6CO134
440,PXYQOH
441,C8BC
442,C85O
443,CCL3OH
444,HSO3
445,C8BCO
446,C136O
447,PEAO
448,C116O
449,M3PEAO
450,C812O
451,HEPTO
452,DIBRETO
453,OCTO
454,C1210O
455,HEX2ONAO
456,UDECO
457,C126O
458,DECO
459,DDECO
460,C732O
461,EIPKBO
462,HEX3ONAO
463,C1011O
464,EMALANHYO
465,DMMALYO
466,C823O
467,HEXBO
468,C923O
469,C729O
470,CO1C6O
471,C131O
472,C626O
473,NONO
474,C1311O
475,NOPINBO
476,C137O
477,C817O
478,HO3C5O
479,C1211O
480,C1013O
481,C811O
482,PMALANHYO
483,MMALANHYO
484,C830O
485,ISOPAO
486,IPMALANHYO
487,C141O
488,M2PEAO
489,C731O
490,M22C4O
491,HEXAO
492,M3HEXAO
493,HEX3ONDO
494,C928O
495,C822O
496,DIEKBO
497,CO2C54O
498,M2HEXAO
499,H3M3C5O
500,C9DCO
501,C132O
502,NOPINCO
503,M33C3CO2H
504,C919OH
505,M2C43CO2H
506,TM123BP2OH
507,C6H5C2OH
508,C830OH
509,IPBZBPR2OH
510,MTBEACHOHO
511,MXYBPER2OH
512,C827CO2H
513,HO36C11
514,HO36C10
515,C1213OH
516,DMPHOHNO2
517,OXYQOH
518,H134M3C5
519,LMKOOA
520,C826OH
521,NBUACBOH
522,HM23C4OH
523,HM22C3CO2H
524,H13M3C5
525,HEPTOH
526,BUT2OLOH
527,NOPINAOH
528,HOIPRCO2H
529,NEBFUONE
530,HM22C3OH
531,C619OH
532,M3PEAOH
533,C7DDCOH
534,NORPINIC
535,IPBFUOH
536,ETOLOH
537,H2M2C4CO2H
538,C734OH
539,CH2BROH
540,NPRACAOH
541,C118OH
542,OXYQCO
543,HO14MC5
544,C923OH
545,M2HEXAOH
546,CCLNO3COH
547,HOC3H6OH
548,MTBEAOH
549,CO2C4DIAL
550,BUTDAOH
551,PXYLCO2H
552,HO2M2C5OH
553,C915OH
554,TMBOH
555,ACPRONEOH
556,PEAOH
557,DETLMUOH
558,NPBFUONE
559,C6OTKETOH
560,H2M3C4CO2H
561,ACETC2CO2H
562,C1212O
563,OXYLCO2H
564,PHC3OH
565,UDECOH
566,HO36C9
567,HO36C8
568,CH2CLOH
569,C6H13CO2H
570,PHCOETOH
571,C823OH
572,NBUACAOH
573,C137OH
574,C517CO2H
575,NPRACCOH
576,H2C3OCOH
577,C56OH
578,C142O
579,HMVKBCO2H
580,DM35EBOH
581,TM135BP2OH
582,C106OH
583,CH3CHCLOH
584,HOEMPHNO2
585,BUT2CO2H
586,BCALOOA
587,C622OH
588,IEPOXA
589,HO2C4CO2H
590,C88CO2H
591,HM33C3CO2H
592,PBZQOH
593,CHCL2CHOH
594,OXYLOH
595,C524OH
596,MO2EOLB2OH
597,NMBOBCO
598,C733OH
599,CCL3CH2OH
600,ETBEBOH
601,NIPBFUONE
602,C1011OH
603,H3M3C5CO2H
604,INB2O
605,PXYLOH
606,DM124OHNO2
607,C1013OH
608,C96O
609,HO3C5CO2H
610,PEBQOH
611,PEBQCO
612,C137CO2H
613,C811OH
614,CO2C54CO2H
615,CLETO2H
616,C23O3CCO2H
617,APINOOA
618,ETOMECO2H
619,M2PECOH
620,CHOOCH2OH
621,CH3CCH3OOA
622,NBZFUONE
623,C23O3MOH
624,C8BCOH
625,C87OH
626,C88OH
627,C108OH
628,BZBIPER2OH
629,HOC4H8OH
630,C129OH
631,HEXAOH
632,C3ME3CO2H
633,BOX2E2OH
634,DIETETOH
635,C2OHOCO2H
636,HOBUT2CO2H
637,BOXPR2OH
638,C126OOA
639,M3HEXBO
640,TMBCO2H
641,EBZBPER2OH
642,C519CO2H
643,TBOCOCH2OH
644,HO25C7
645,HO25C6
646,M2HEXBO
647,BOXMCO2H
648,C1012OH
649,CH2CLCH2OH
650,MTBEALCO2H
651,NONOH
652,C822CO2H
653,BUOHFORM
654,INCOH
655,M22C43OH
656,ETOMEOH
657,KLIMONIC
658,C107O
659,HO2C54CO2H
660,OCCOHCOH
661,PBFUOH
662,IPRACBCO2H
663,PBZQCO
664,PBZQOOH
665,C928OH
666,CO1C6OH
667,TM124BCO2H
668,ETBEAOH
669,C116CO2H
670,IPRBQOH
671,C6H5CH2OH
672,C23O3EOH
673,C916OH
674,C813OH
675,PEBQOOH
676,HO36C12
677,CO2C4CO2H
678,NC826OH
679,C128OH
680,M23C4OH
681,EOX2ETB2OH
682,PEBOH
683,C1211CO2H
684,HO124C5
685,MO2EOLA2OH
686,PTLQOH
687,PTLQCO
688,C1013CO2H
689,C1011CO2H
690,C924OH
691,PROH2MOX
692,C126OH
693,CL12PRCOH
694,PTLQOOH
695,TM123BCO2H
696,BZFUOH
697,HOC2H4CO2H
698,C116OH
699,M2PEAOH
700,CH3CCH3OOB
701,OETLQOH
702,C914OH
703,C914CO
704,C914OOH
705,C1310OH
706,C827OOH
707,C6H5C2CO2H
708,CYHXDIOLA
709,HO14M3C5
710,C732OH
711,C139O
712,DMEBMUOH
713,C117O
714,INDOH
715,EBFUOH
716,C822OH
717,C136OH
718,HO2C3CO2H
719,IPROMC2OH
720,C810OH
721,M22C4OH
722,PBZBPER2OH
723,HM22CO2H
724,HO13C4OH
725,TLBIPER2OH
726,C918OH
727,C928CO2H
728,C107OH
729,OETLQCO
730,C1214OH
731,HEXCOH
732,CL12CO2H
733,M3FOOA
734,MXYLCO2H
735,TM123BOH
736,C824OH
737,NOPINDOH
738,NOPINDCO
739,NOPINDOOH
740,C918O
741,CO1H63OH
742,SBUACBOH
743,C630OH
744,C929OH
745,LIMOOA
746,BCBOOA
747,C147OH
748,C89OH
749,C89O
750,C720OH
751,C1210OH
752,INAOH
753,C127O
754,TM124BOH
755,DMCOH
756,PINALOH
757,PINALO
758,MEMOXYCO2H
759,HO134C5
760,C1210CO2H
761,M3PEBOH
762,CO2C3OOB
763,HOCH2COCO2H
764,C1014OH
765,C143OH
766,NSTYRENOOH
767,IPRACBOH
768,BOXPRONOH
769,C126CO2H
770,C98OH
771,IPROC21OH
772,HIEPOXB
773,C1215OH
774,M2BKAOH
775,H14M4C6
776,CL12PRAOH
777,CHCL2OH
778,C731OH
779,LIMONIC
780,C825OH
781,MEK2OOC
782,C624CO2H
783,DMMBOH
784,HOC3H6CO2H
785,C7ADCOH
786,BOXMOH
787,PINIC
788,CNO3CLOH
789,C517OH
790,C1312OH
791,OCTOH
792,HO24C5
793,BOXOHETOH
794,C146OH
795,C68OH
796,OXYQOOH
797,OETLQOOH
798,C518CO2H
799,C2CL2OH2
800,C23O3ECO2H
801,ETBECOH
802,C97O
803,NPRACBOH
804,C1211OH
805,C9DCOH
806,NEOPOH
807,MALANHY2OH
808,CH3OCH2OH
809,M33C4OH
810,HEXBOH
811,PPRBQOH
812,PPRBQCO
813,PPRBQOOH
814,EOX2ETA2OH
815,BRETO2H
816,MXYLOH
817,C830CO2H
818,NC524OH
819,IPRBQCO
820,C51CO2H
821,ETHFORMOH
822,MMCFOH
823,C141OOA
824,CO2M33CO2H
825,C736OH
826,C97OH
827,C131OH
828,NOPINBOH
829,PHCOMEOH
830,HO2C43CO2H
831,CHCL2CO2H
832,TOL4OHNO2
833,M2PEBOH
834,MMFOH
835,TBUACOH
836,DDECOH
837,CH3SCH2OH
838,ACETCOC2H5
839,DE35TOH
840,C831OH
841,C141OH
842,C148OH
843,C624OH
844,C622CO2H
845,HO13C5
846,C1311OH
847,BOXOHPROL
848,C2H5MECOOA
849,M3HEXAOH
850,METACETOH
851,CHOOMCO2H
852,DMMAOH
853,NBUACCOH
854,NC4PDCO2
855,DECOH
856,TM135MUOH
857,MTBEBCO2H
858,C136CO2H
859,C54OH
860,C23O3MCO2H
861,C731CO2H
862,HM2C43CO2H
863,MTBEBOH
864,H2
865,DMEOBPROH
866,NOPINBCO
867,NOPINBOOH
868,CLCOCCL2O
869,BCLKAO
870,NTMB1FUO
871,MIBKBO
872,C103OH
873,C114O
874,NBCKO
875,CO235C6O
876,C9DCCO
877,C9DCOOH
878,PXYMUCOH
879,C8BCCO
880,C8BCOOH
881,C133OH
882,C146O
883,C88CO
884,C88OOH
885,TM135O
886,C5MCO2OHO
887,NTLFUO
888,CCL3CH2O
889,OTCATECOOA
890,CH2CLCOCH3
891,C726CO5O
892,NPTLQO
893,BOXPRONBO
894,LIMALAO
895,C514OH
896,NC3OOA
897,NC730OH
898,C123OH
899,C718OH
900,PHCOMEO
901,PRONOCOMO
902,NLMKAO
903,C102O
904,TM124MUCOH
905,CH3COCCLO
906,LIMCOH
907,C44O
908,C124O
909,C714O
910,C620OH
911,DETLOBPROH
912,HO34CO6C8
913,T123CTCOOA
914,TM123MUCOH
915,C6NO3CO5O
916,C92O
917,C84O
918,CO25C73O
919,NC2OOA
920,C1010OH
921,IEPOXC
922,C512OH
923,MACO2H
924,C122O
925,PHCOOH
926,C610OH
927,C521O
928,PRCOFORM
929,C722O
930,C94O
931,NPPRBQO
932,C77OH
933,PCATECOOA
934,NPETLQO
935,C52OH
936,C829OH
937,C55O
938,C818O
939,C6COCHOO
940,LMKAO
941,C3EDIALOH
942,MTBKOH
943,C4MCONO3OH
944,PRONEMOX
945,C5COCHOO
946,NC71CO
947,NLIMALOH
948,CYC6DIONE
949,HNMVKO
950,C734O
951,APINOOB
952,C148O
953,CO24C6O
954,C525O
955,LMLKBO
956,PBFUO
957,BCBO
958,C531CO
959,C612OH
960,C76O
961,C151OH
962,ACCOMCOMO
963,NLIMO
964,C72OH
965,NOPINOOA
966,LIMALOH
967,BUFORMO
968,CHOCOCH2O
969,NTMB2FUO
970,NMXYFUO
971,NAPINAO
972,H25M3C6
973,MTCATECOOA
974,NMEBFUO
975,CH2OOG
976,CH2OOE
977,CH2OOD
978,PRCOOMO
979,C53O
980,C929O
981,C617OH
982,PRONFORMO
983,H3M3C6O
984,C519O
985,PBZMUCOH
986,CHCL2CH2O
987,C5124COO
988,NIPRBQO
989,C69OH
990,BCKBO
991,C827O
992,MC6CO2O
993,C7M2CO5O
994,OXYMUCOH
995,BCALAO
996,BOXCOCOMO
997,MALDIALO
998,MXYMUCOH
999,C531O
1000,MIBKHO4O
1001,C7EDCOH
1002,LIMONONIC
1003,C86O
1004,CH2CLO
1005,BUT2OLAO
1006,C728OH
1007,NC728OH
1008,CO36C9
1009,ACBUONEBO
1010,NPEBQO
1011,PENTACID
1012,NBZQO
1013,MECOACETO
1014,NBUTDAO
1015,C67OH
1016,PXCATECOOA
1017,C96OH
1018,CH3CHCLO
1019,CO25C6O
1020,APINAO
1021,SBUACCOH
1022,BZFUONOOA
1023,PHCOETO
1024,C630O
1025,C6CO3MOH
1026,NPXYQO
1027,C716O
1028,BCKAO
1029,PTCATECOOA
1030,TLEMUCOH
1031,C625OH
1032,CO36C8
1033,A2PANO
1034,MBOCOCO
1035,C511O
1036,CHOC3COO
1037,BCLKBO
1038,C61OH
1039,C23O3MO
1040,MCOCOMOXO
1041,TISOPA
1042,TISOPC
1043,NOXYFUO
1044,ACPRONEO
1045,C8M2CO6O
1046,IBUTACID
1047,C113OH
1048,C152OH
1049,COO2C4O
1050,BOX2MO
1051,MVKOHBO
1052,IC7DCOH
1053,C4ME2NO3O
1054,C930OH
1055,C717OH
1056,CHOC2H4O
1057,BCALOH
1058,C711O
1059,HOCO3C54O
1060,C6135COO
1061,C66O
1062,CO3C4NO3O
1063,C78O
1064,C727O
1065,C730OH
1066,MNO3COC4O
1067,H3C25C6O
1068,NC623OH
1069,LIMAO
1070,IPCATECOOA
1071,PRCOFORMO
1072,LMKOOB
1073,C5OH2CO4O
1074,LIMALBO
1075,C53NO324CO
1076,MPHCOMEO
1077,EMPHCOMO
1078,NTM124QO
1079,LIMOOB
1080,OXCATECOOA
1081,NOAOOA
1082,C147O
1083,C924O
1084,C129O
1085,MXCATECOOA
1086,METLMUCOH
1087,CATECOOA
1088,CO24C63O
1089,MGLYOOB
1090,NBCO
1091,TLFUONOOA
1092,C922O
1093,C3NO3COO
1094,C23O3EO
1095,BZEMUCOH
1096,BZFUO
1097,OETLMUCOH
1098,CO36C11
1099,CYHEXOLAO
1100,C817OH
1101,HO1CO3C4O
1102,CISOPA
1103,CISOPC
1104,DMSO2OH
1105,HEX3ONBO
1106,ACETCOC3H7
1107,NC102O
1108,PRONOCOPO
1109,C614OH
1110,NBCALOH
1111,C736O
1112,C7DCOH
1113,ACCOETO
1114,C54O
1115,C73O
1116,C4COMOH3O
1117,CO25C74O
1118,ECATECOOA
1119,C819O
1120,C9M2CO6O
1121,C63OH
1122,LMKBO
1123,MCATECOOA
1124,C71O
1125,SBUACONEO
1126,NOETLQO
1127,PRONEMOXO
1128,C2CL2OHO
1129,NMETLQO
1130,C93OH
1131,DEMPHSMS1O
1132,C616OH
1133,CHCL2O
1134,NC41OOA
1135,BCAO
1136,CL12PRCO
1137,C623OH
1138,C825O
1139,C513OH
1140,BCCOH
1141,NC4OOA
1142,C112O
1143,DMEPH1O
1144,IPBZMUCOH
1145,LMLKAO
1146,MVKO
1147,C625O
1148,EBZMUCOH
1149,BUTACID
1150,BCALBO
1151,NC1313OH
1152,CL12PRAO
1153,C104O
1154,BCSOZOH
1155,HMGLYOOA
1156,CH2BRO
1157,IPBFUO
1158,BOXCOCOME
1159,C615OH
1160,C81O
1161,C820O
1162,C5NO3COAO
1163,CH2CLCH2O
1164,C627O
1165,C618O
1166,C6HO1CO3O
1167,NMXYQO
1168,NPXYFUO
1169,CH3CHOOC
1170,CO36C10
1171,CO36C12
1172,C6OTKETO
1173,C87O
1174,LIMBO
1175,APINBO
1176,HMVKBO
1177,EBFUO
1178,DMPHCOMO
1179,T124CTCOOA
1180,CH3SCH2O
1181,NOXYQO
1182,PETLMUCOH
1183,CO24M3CHO
1184,MXYBPEROOH
1185,ACCOMECO3H
1186,MXYLCO3H
1187,OXYLOOH
1188,HMVKAOOH
1189,BOXPOLBOOH
1190,BOXCOEOL
1191,IPROMCCO3H
1192,CHCL2CO3H
1193,BOXCOOLOOH
1194,DMMALYOOH
1195,C6H5C2CO3H
1196,ETOC2OOH
1197,HOC2H4CO3H
1198,CYHXONAOOH
1199,C614OOH
1200,T123NNCOOH
1201,C610OOH
1202,CO3C54CO3H
1203,EPXMDLCO2H
1204,EOX2OLBOOH
1205,C125OOH
1206,H1MC5OOH
1207,TM135OLOOH
1208,C727CO3H
1209,OTNCATCOOH
1210,IC7DCCO3H
1211,IPBFUCO
1212,MEMOXYCO3H
1213,PRCOOMCO3H
1214,C61OOH
1215,C4NO3CO2H
1216,CH3CCL2OOH
1217,OTNNCATOOH
1218,MXOHNO2OOH
1219,C6DCRBBOOH
1220,MTNNCATOOH
1221,CYHXOLANO3
1222,HO3C96OOH
1223,EPXKTMCO3H
1224,M2BUOL2OH
1225,C1210OOH
1226,PCATEC1OOH
1227,TCEOHOOH
1228,C817CO3H
1229,NPHEN1OOH
1230,CH2OHCL2O2H
1231,MTCTEC1OOH
1232,C45OOH
1233,C920CO3H
1234,C816CO3H
1235,ETOMEOOH
1236,NPBFUOOH
1237,PTCTEC1OOH
1238,NDNPHENOOH
1239,PXYMUCCO3H
1240,NOETOL1OOH
1241,HO7C8OOH
1242,OETLMUCOOH
1243,TM135MUO3H
1244,IECCO3H
1245,METLMUCO3H
1246,BOXPOLAOOH
1247,NDNMXYLOOH
1248,C5NO3O4OOH
1249,H2C3OCOOH
1250,METLMUCO2H
1251,ETBECOOH
1252,PRCATC1OOH
1253,C617OOH
1254,HO1MC5OOH
1255,MET1OOH
1256,DNCRESOOH
1257,C133OOH
1258,C2OHOCOOH
1259,BCALOOH
1260,C810OOH
1261,C3COCCO3H
1262,C1H4C5CO2H
1263,APINCOOH
1264,IPRACOOH
1265,C2CL3OHOOH
1266,TMB1FUOOH
1267,C512CO2H
1268,C1213OOH
1269,NOXYOL1OOH
1270,CH3CO3H
1271,BUTDBOH
1272,ETOLOOH
1273,M2HEXBOOH
1274,BCAOH
1275,MPRNO3CO2H
1276,C141CO3H
1277,C7CO3OHOOH
1278,OETLMUCO2H
1279,C719NO3
1280,C621OOH
1281,CO1M22CO2H
1282,HOCHOCOOH
1283,CHOC3COOOH
1284,C731OOH
1285,C56NO3
1286,DNOETOLOOH
1287,C620OOH
1288,MIPKBOOH
1289,C624CO3H
1290,C97OOH
1291,HO3C116OOH
1292,DETLMUO3H
1293,CNO3CLOOH
1294,EPXMEDLPAN
1295,CO3C85OOH
1296,HOC3H6CO3H
1297,OCTOOH
1298,LIMAOH
1299,DICLETO2H
1300,CO2C3CO3H
1301,TLEMUCCO3H
1302,C87CO3H
1303,HO4C5CO3H
1304,METLBPROOH
1305,BOXPOLBNO3
1306,C108OOH
1307,NMXYOL1OOH
1308,DIBRETO2H
1309,C23O3ECO3H
1310,C77OOH
1311,C137OOH
1312,C3DIOLOOH
1313,C518CO3H
1314,OXNCATCOOH
1315,PXY1OOH
1316,C925OOH
1317,C85CO3H
1318,BPINBOOH
1319,MXNCATCOOH
1320,HO12C5
1321,CL2OHPAN
1322,PETOLOOH
1323,H3C25CCO2H
1324,C95OOH
1325,NDMMALYOOH
1326,H3M2C4CO3H
1327,DMEBMUOOH
1328,C517OOH
1329,NT124L1OOH
1330,C134OOH
1331,C113OOH
1332,DNPHENOOH
1333,H2M4C65OOH
1334,C103OOH
1335,C516OOH
1336,DNMETOLOOH
1337,DMEPHOLOOH
1338,HO13C4NO3
1339,MMALNHYOOH
1340,CO234C6OOH
1341,PETLBIPNO3
1342,MTBKOOH
1343,PXYLCO3H
1344,T124CT1OOH
1345,M3C4CO3H
1346,INB1HPCO3H
1347,C107OOH
1348,EPXDLCO2H
1349,H3C2C4CO2H
1350,MXYFUOOH
1351,C618CO3H
1352,PHENOOH
1353,C6H5C2OOH
1354,MO2EOLANO3
1355,OETOLOOH
1356,C523OH
1357,C729CO3H
1358,PRPAL2CO3H
1359,UDECOOH
1360,C720OOH
1361,C43NO34OOH
1362,C734CO
1363,C4M2NO3OOH
1364,PBZMUCCO2H
1365,DECOOH
1366,CO2M33CO3H
1367,C1011OOH
1368,BRETO3H
1369,CO25C6CO3H
1370,CO23C54OOH
1371,PERPINONIC
1372,C830CO3H
1373,HO2C43CO3H
1374,ETBEACO3H
1375,H13M3C5NO3
1376,C6O4KETOOH
1377,C645OH
1378,IBUTOLBO2H
1379,CY6DIONOOH
1380,C7DDCCO3H
1381,EBFUCO
1382,PXYFUOOH
1383,C917OOH
1384,C1211OOH
1385,MIBKAOOH
1386,OXYOLOOH
1387,DETLBPROOH
1388,H25M2C6
1389,C718CO2H
1390,IPCATC1OOH
1391,DNT123LOOH
1392,M2PEDOOH
1393,C4ME2OHOOH
1394,HO2C4OH
1395,EPXKTMCO2H
1396,C136OOH
1397,IPBZMUCO3H
1398,PXNCATCOOH
1399,C42NO33OOH
1400,C4ME3HO12
1401,C63OOH
1402,CLOHCO2H
1403,PXYMUCOOH
1404,PE2ONE1OOH
1405,ACETMECO3H
1406,C7DCOOH
1407,C126OOH
1408,C522CO2H
1409,C7DCCO3H
1410,NSTYRENEO
1411,C127OOH
1412,C823CO3H
1413,IPMLNHYOOH
1414,NMETOL1OOH
1415,EPXEKTCO2H
1416,NORLIMOOH
1417,NDNT123OOH
1418,PBENZOOH
1419,DNT124LOOH
1420,DETLMUOOH
1421,CCL3CO3H
1422,C69OOH
1423,LMKANO3
1424,DMEBMUO3H
1425,INAHPCO3H
1426,IPBENZOOH
1427,OXYMUCCO3H
1428,C5CO234OOH
1429,C89OOH
1430,C537O
1431,TM135BPOOH
1432,C619OOH
1433,NC72OOH
1434,C622CO3H
1435,BOXCOALOOH
1436,H2M5C65OOH
1437,PXYLOOH
1438,TM124QOOH
1439,EPXMEDCO3H
1440,C732OOH
1441,C615CO2H
1442,C7ADCOOH
1443,DMMBOOH
1444,HO5C6CO3H
1445,MXYMUCCO2H
1446,IPNNCATOOH
1447,C5CO23OOH
1448,NBUTDBOOH
1449,C1312OOH
1450,H3M3C6OOH
1451,TMBOOH
1452,HO3C126OOH
1453,C4NO32MOOH
1454,C533OOH
1455,C626CO2H
1456,BUTDCOOH
1457,PETLMUCOOH
1458,C136CO3H
1459,PETLQOOH
1460,C143OOH
1461,M2BUOL2OOH
1462,TM124OOH
1463,C58NO3CO2H
1464,HO1C6OOH
1465,C512OOH
1466,MBKCOOHOOH
1467,PHIC3OOH
1468,EPXMKTCO2H
1469,TMB2FUOOH
1470,C23O3MCO3H
1471,OXYBPEROOH
1472,C65NO36OOH
1473,ENCATECOOH
1474,COO2C3CO3H
1475,HM2C43CO3H
1476,CO1H63OOH
1477,MO2EOLAOOH
1478,HO2C54OOH
1479,C41NO3
1480,C915OOH
1481,C1311OOH
1482,H3C25CCO3H
1483,CHOOMCO3H
1484,MO2EOLBOOH
1485,NDNIPBLOOH
1486,PETLMUCO3H
1487,CHOC4OHOOH
1488,EBENZOLOOH
1489,CH3SO2OOH
1490,M2BKBOOH
1491,C919OOH
1492,EPXDLCO3H
1493,LIMALOOH
1494,NLIMALOOH
1495,TM124OLOOH
1496,C131OOH
1497,PETLBPROOH
1498,NDNT124OOH
1499,OETLBPROOH
1500,H3C2C4CO3H
1501,TM123BOOH
1502,C823OOH
1503,CH2OHCCLOH
1504,C822OOH
1505,CH3OCH2OOH
1506,C731CO3H
1507,MPRANO3OOH
1508,DNEBNZLOOH
1509,C89CO3H
1510,CCL2CL2OOH
1511,C927OOH
1512,PECOOH
1513,C4NO3OCO
1514,C51CO3H
1515,C821OOH
1516,C622OOH
1517,HO2C5OH
1518,C145OOH
1519,C923OOH
1520,TLFUOOH
1521,C918OOH
1522,HOACETEOOH
1523,C83OOH
1524,C142OOH
1525,C6CYTONOOH
1526,HO2C6OOH
1527,ACETC2CO3H
1528,C1014OOH
1529,C1013CO3H
1530,C5CONO3OOH
1531,C729OOH
1532,CCLNO3COOH
1533,PXYOLOOH
1534,C718OOH
1535,OTCTEC1OOH
1536,C5H11CO3H
1537,C617CO3H
1538,NIPBNZ1OOH
1539,BUTDAOOH
1540,DMMAOOH
1541,C123OOH
1542,M33C3CO3H
1543,M2BKAOOH
1544,M2C43CO3H
1545,BPINAOOH
1546,C65NO3CO2H
1547,NOPINBNO3
1548,H2M2C4CO3H
1549,CO25C6CO2H
1550,NBUTOLAOH
1551,DDECOOH
1552,C312COCO3H
1553,TC4H9OOH
1554,PGLYOXOH
1555,PNCATECOOH
1556,T124NCTOOH
1557,C43NO3CO2H
1558,C7EDCOOH
1559,EMPONO2OOH
1560,IPNCATCOOH
1561,INAHPCO2H
1562,C811OOH
1563,TM123OLOOH
1564,T123CT1OOH
1565,INANCO2H
1566,ISOPDOH
1567,HO2M2C4OH
1568,C1212OOH
1569,TM123BPOOH
1570,DETLBIPNO3
1571,INB1NBCO2H
1572,PETLMUCO2H
1573,C2CL3HOOOH
1574,NOPINAOOH
1575,EBZMUCCO2H
1576,C921OOH
1577,CO356OCOOH
1578,NDNPBZLOOH
1579,NNCATECOOH
1580,MXNNCATOOH
1581,C1310OOH
1582,BOXPROOOH
1583,NDNCRESOOH
1584,TLBIPEROOH
1585,CO3C5CO3H
1586,C825CO
1587,NC524NO3
1588,MXYQOOH
1589,HM22C3CO3H
1590,NDNOXYLOOH
1591,C923CO3H
1592,IPRMETOOH
1593,C733OOH
1594,NDNPETLOOH
1595,ALCOMOXOOH
1596,IPBZMUCO2H
1597,DNMXYOLOOH
1598,MXYOLOOH
1599,C826OOH
1600,TM124MUOOH
1601,BZEMUCOOH
1602,EBZMUCCO3H
1603,MTBEALCO3H
1604,HOPINONIC
1605,APINBOH
1606,METLMUCOOH
1607,BZFUCO
1608,C719OOH
1609,C730OOH
1610,MALDALCO3H
1611,NEBFUOOH
1612,C1210CO3H
1613,BCKAOH
1614,C515CO3H
1615,LIMANO3
1616,C827CO3H
1617,NDNEBZLOOH
1618,C812OOH
1619,NC623OOH
1620,M3HEXBOOH
1621,C928CO3H
1622,IC7DCOOH
1623,MNNCATCOOH
1624,CO3C4CO3H
1625,NCATECOOH
1626,IPGLYOXOH
1627,C624OOH
1628,HO6C7OOH
1629,MBOAOH
1630,IEACO3H
1631,MALNHYOHCO
1632,C920OOH
1633,PXNNCATOOH
1634,MXCTEC1OOH
1635,OET1OOH
1636,CO23C4CO3H
1637,HOIPRCO3H
1638,C144OOH
1639,HO3C86OOH
1640,BUTDBNO3
1641,C824OOH
1642,C1313OOH
1643,CO2N3PAN
1644,C128OOH
1645,HO2C4CO3H
1646,HO8C9CO3H
1647,DMEBPROOH
1648,BZEMUCCO2H
1649,CO2HOC6OOH
1650,C98OOH
1651,OCCOHCOOH
1652,DMEBIPNO3
1653,MVKOHAOOH
1654,BZEMUCCO3H
1655,C23C54CO3H
1656,BOXMOOH
1657,OCATEC1OOH
1658,NC101OOH
1659,NONOOH
1660,C817OOH
1661,C813OOH
1662,DM35EBOOH
1663,NEBNZ1OOH
1664,C51OOH
1665,PBENZOLOOH
1666,C87CO2H
1667,HMACO2H
1668,C811CO3H
1669,DNPXYOLOOH
1670,INB1NACO2H
1671,M3BU3ECO3H
1672,INAHCO2H
1673,H2M3C4CO3H
1674,MPRBNO3OOH
1675,PBFUCO
1676,C7ADCCO3H
1677,C616OOH
1678,PHC3OOH
1679,CO3C75OOH
1680,OXNNCATOOH
1681,C6H13CO3H
1682,MTBEBCO3H
1683,H3M3C5CO3H
1684,NBPINBOOH
1685,M2HEXAOOH
1686,IBUTOLOHB
1687,C121OOH
1688,STYRENOOH
1689,PXYQOOH
1690,MXY1OOH
1691,C656OH
1692,C828CO3H
1693,C626CO3H
1694,PXYMUCCO2H
1695,C101OOH
1696,C829OOH
1697,C830OOH
1698,MXYMUCOOH
1699,HC23C4CO3H
1700,HO6C7CO3H
1701,NPRACBOOH
1702,DNPETOLOOH
1703,NC51OOH
1704,T124NNCOOH
1705,NPRACCOOH
1706,IPBZOLOOH
1707,C93OOH
1708,IPROMC2OOH
1709,OXYLCO3H
1710,INCNCO2H
1711,PERIBUACID
1712,C5CO14OOH
1713,HO24C5NO3
1714,C6CO34OOH
1715,C57NO3CO2H
1716,TLEMUCOOH
1717,C732CO3H
1718,C5ONO34OOH
1719,PERBUACID
1720,NC1313OOH
1721,METOLOOH
1722,DNPBNZLOOH
1723,C1215OOH
1724,PRNO3CO2H
1725,C512CO3H
1726,TM135MUO2H
1727,TM123BCO3H
1728,C6145COOOH
1729,BUT2CO3H
1730,H2M2C65OOH
1731,HO14C6
1732,MTNCATCOOH
1733,C514OOH
1734,MEBFUOOH
1735,T123NCTOOH
1736,C1011CO3H
1737,C515OOH
1738,C928OOH
1739,C615OOH
1740,HO3C4CO3H
1741,C88CO3H
1742,HM33C3CO3H
1743,DNOXYOLOOH
1744,HMVKBCO3H
1745,HO2C3CO3H
1746,H3M3C4CO3H
1747,C147CO
1748,C147OOH
1749,EMPHCO3H
1750,CH2CHCH2OOH
1751,HEPTOOH
1752,CL12PRBOOH
1753,PERPENACID
1754,C135OOH
1755,DETLMUO2H
1756,C828OOH
1757,C513OOH
1758,H13M3C5OOH
1759,BOX2OHBOOH
1760,NC826OOH
1761,C6H5CO3H
1762,NIPBFUOOH
1763,HO13C5OOH
1764,DIETETOOH
1765,EBZBPEROOH
1766,EMALNHYOOH
1767,MO2EOLBNO3
1768,PNNCATCOOH
1769,BU1ENO3OOH
1770,BCKANO3
1771,C106OOH
1772,C54NO3
1773,TLEMUCCO2H
1774,BUTDBOOH
1775,C626OOH
1776,IPBZBPROOH
1777,HC4CCO2H
1778,OETLMUCO3H
1779,CO1M22CO3H
1780,SBUACAOOH
1781,MVKOHANO3
1782,C8BCNO3
1783,OXYFUOOH
1784,H1C23C4OOH
1785,C511CO3H
1786,ETBECCO3H
1787,PBZMUCOOH
1788,PET1OOH
1789,CHOC4OOH
1790,C530OOH
1791,ECATEC1OOH
1792,C54CO3H
1793,NBCALOOH
1794,TBUTCO3H
1795,C717OOH
1796,CLETO3H
1797,C6CO134OOH
1798,C23O3CCO3H
1799,C721CO3H
1800,NBPINAOOH
1801,C6TONOHOOH
1802,C126CO3H
1803,CCL3OOH
1804,BCANO3
1805,BPINCOOH
1806,C75OOH
1807,MC6OTKTOOH
1808,CHOC2CO3H
1809,CRESOOH
1810,C7DDCOOH
1811,HO3C76OOH
1812,C132OOH
1813,HO3C5CO3H
1814,NPETOL1OOH
1815,CL12CO3H
1816,C137CO3H
1817,C618CO2H
1818,CO3C4CO2H
1819,ISOP34OOH
1820,NBUTDAOOH
1821,C111OOH
1822,CLCOCH2OOH
1823,COO2C4CO3H
1824,M3PECOOH
1825,CO2C54CO3H
1826,NC728OOH
1827,C235C6CO3H
1828,HM22CO3H
1829,C105OOH
1830,CO3C5CO2H
1831,C517CO3H
1832,PBZBPEROOH
1833,NDNOETLOOH
1834,PBZMUCCO3H
1835,C7MO3OHOOH
1836,TM135MUOOH
1837,HO13M2C4
1838,DE35TOOH
1839,PMALNHYOOH
1840,NT123L1OOH
1841,OXYMUCOOH
1842,IPBZMUCOOH
1843,C1013OOH
1844,IPECOOH
1845,HOIBUTCO3H
1846,C1012OOH
1847,MIBKAOHNO3
1848,C718CO3H
1849,EPXM2DLPAN
1850,C729CO2H
1851,EBZMUCOOH
1852,CH3SOOOH
1853,ETOMECO3H
1854,NPBNZ1OOH
1855,PRPAL2CO2H
1856,C41OOH
1857,INDHPCO3H
1858,C3ME3CO3H
1859,HM2C43OOH
1860,C67OOH
1861,TM123MUOOH
1862,VINOH
1863,TBUACCO3H
1864,C4ME3HO23
1865,CO23C65OOH
1866,NBZFUOOH
1867,C141OOH
1868,PTNCATCOOH
1869,C46CO2H
1870,C139OOH
1871,MXYLOOH
1872,TM124BPOOH
1873,EPXMDLCO3H
1874,C3M3CHOOOH
1875,C67CO3H
1876,C816OOH
1877,PERPROACID
1878,C131CO3H
1879,C916OOH
1880,NCRES1OOH
1881,EPXEKTCO3H
1882,PINALOOH
1883,HO7C8CO3H
1884,NDNMETLOOH
1885,IPRFORMOOH
1886,TM123OOH
1887,TMBCO3H
1888,HO1C5OOH
1889,CHEXOOH
1890,NISOPOOH
1891,ETHOXOOH
1892,PR2OHMONO3
1893,C116OOH
1894,EIPKBOOH
1895,C115OOH
1896,MMFOOH
1897,CATEC1OOH
1898,MIBK3COOOH
1899,PHCOCOCOOH
1900,ACEETOHOOH
1901,MXYMUCCO3H
1902,BPINAOH
1903,HEXCOOH
1904,EIPEOOH
1905,LIMCOOH
1906,M22C3CO3H
1907,C3MNO3CO2H
1908,C2CL32OH
1909,HO3C106OOH
1910,C615CO3H
1911,DNIPBZLOOH
1912,C5DBCOCO3H
1913,C1214OOH
1914,HCOCH2CO3H
1915,HOBUT2CO3H
1916,C118OOH
1917,C822CO3H
1918,HM33C3OOH
1919,DMEBMUO2H
1920,CLCOCLMOOH
1921,C1211CO3H
1922,C6H5CH2OOH
1923,OXYMUCCO2H
1924,C536O
1925,C926OOH
1926,C82OOH
1927,C9DCNO3
1928,C4OCCOHOOH
1929,NC526OOH
1930,HO2C54CO3H
1931,NPXYOL1OOH
1932,H2M2C3CO3H
1933,C91OOH
1934,C5CODBCO3H
1935,BOXMCO3H
1936,EPXMKTCO3H
1937,C623OOH
1938,C519CO3H
1939,LMKAOH
1940,EPXMEDCO2H
1941,HO8C9OOH
1942,IPROC21OOH
1943,IPRACBCO3H
1944,NDNPXYLOOH
1945,PTNNCATOOH
1946,TL4ONO2OOH
1947,C831OOH
1948,MCATEC1OOH
1949,BZBIPEROOH
1950,METLQOOH
1951,CH2CL3OOH
1952,C510OOH
1953,C728OOH
1954,ACCOCOEOOH
1955,IPRBQOOH
1956,C617CO2H
1957,MNCATECOOH
1958,C116CO3H
1959,TM124NOOH
1960,TM124BOOH
1961,C710OOH
1962,MECOFOROOH
1963,C117OOH
1964,M23C43OOH
1965,NOPINCOOH
1966,CO2C4CO3H
1967,EBENZOOH
1968,NC71OOH
1969,CO1C6OOH
1970,C83COOHOOH
1971,C68OOH
1972,M3HEXAOOH
1973,DEMPHOLOOH
1974,C5TRONCO3H
1975,DIIPRETOOH
1976,C89CO2H
1977,C72OOH
1978,ENNCATCOOH
1979,PXYBPEROOH
1980,TM124BCO3H
1981,CHOC4CO3H
1982,NC730OOH
1983,HO2NO2
1984,BCCOOH
1985,C89CO2
1986,NCRESOH
1987,MMF
1988,MXYL1O
1989,C726CO3OH
1990,C7236CO
1991,C9DC
1992,APINBCO
1993,CO25C6OH
1994,PXYFUO
1995,C3ME3CHO
1996,IPRACBO
1997,MEKCO
1998,CHCL2CL2O
1999,C7BDCOH
2000,INDHPCHO
2001,M2BKBOH
2002,CHCL3O
2003,C6CO3HO14
2004,BOXPRONBOH
2005,NEBNZOLOH
2006,MC7CO2OH
2007,BOXPRONE
2008,HEX2ONCO
2009,DIEKAO
2010,CH3CCL2O
2011,MO2EOLBO
2012,C6CO3OH5O
2013,MCOOTBO
2014,CH2CL3O
2015,NMETOLOH
2016,MTBEAO
2017,C41OH
2018,C619CO
2019,C116CO
2020,C116NO3
2021,MTBEACHOO
2022,H2MC5O
2023,C8M2CO6OH
2024,HVMK
2025,LMLKAOH
2026,C6CO3HO4
2027,C6CO34
2028,C620O
2029,HM22C4O
2030,NEOPO
2031,ACETC2H4O
2032,MIBKOH34
2033,C818OH
2034,C818CO
2035,BCLKBOH
2036,C59O
2037,C1012CO
2038,ACBUONBOH
2039,IC4H9O
2040,C1011CO
2041,C1011NO3
2042,C5NO3CO4OH
2043,C6NO3CO4OH
2044,BCKOOB
2045,HO1C4O
2046,C513O
2047,C78OH
2048,C1010O
2049,TMB1FUO
2050,C4CHOBO
2051,BCKBCO
2052,HO2MC5O
2053,INAHPCHO
2054,NDMEPHOLOH
2055,C826CO3O
2056,C826CO3OH
2057,MXYFUO
2058,C53OH
2059,HO2M2C5O
2060,CO25C73OH
2061,CCL3O
2062,NOETOLOH
2063,IBUTOLCO
2064,C4COMOH3OH
2065,HEX3ONDOH
2066,NMXYOLOH
2067,HEX3ONCO
2068,C521OH
2069,MIBKHO14
2070,C615CO2OH
2071,NTM135OLOH
2072,HNMVKOH
2073,METHACETO
2074,C628OH
2075,C628O
2076,BCALBOH
2077,C926OH
2078,BCALCOH
2079,C830CO
2080,C830NO3
2081,C731CO2
2082,HM22C3O
2083,C145O
2084,C926O
2085,TMB2FUO
2086,INB1HPCHO
2087,C4M2AL2OH
2088,C712OH
2089,BCOOB
2090,EIPKAOH
2091,C611OH
2092,C611O
2093,HO3C6O
2094,NTM123OLOH
2095,C42OH
2096,C514CO23OH
2097,NTM124OLOH
2098,NPBNZOLOH
2099,PRONEMOXOH
2100,C7M15CO2OH
2101,ACBUONAOH
2102,MC52CO2OH
2103,CHCLOOA
2104,EIPKBOH
2105,C94OH
2106,C66OH
2107,BCLKAOH
2108,IBUTALBO
2109,C713OH
2110,C713O
2111,DMSO2O
2112,ETHFORMO
2113,NIPBNZOLOH
2114,LIMALBOH
2115,HOHOC4DIAL
2116,INB1NACHO
2117,EIPKAO
2118,NDEMPHOLOH
2119,C124OH
2120,DMPHCOMOH
2121,TCEOHO
2122,EMPHCOMOH
2123,NC3H7O
2124,C735OH
2125,ETHACETO
2126,NBUACETCO
2127,LMKBCO
2128,CO25C74OH
2129,HMVKNGLYOX
2130,HO14CO3C5
2131,C719O
2132,C114OH
2133,DMK2OH
2134,LMLKBOH
2135,C627OH
2136,C735O
2137,HO1C3O
2138,C1013CO
2139,C1013NO3
2140,GAOOA
2141,C5DIALOH
2142,C126CO
2143,C126NO3
2144,HM33C4O
2145,NPETOLOH
2146,C612O
2147,HM23C4O
2148,C617O
2149,ACBUONEAO
2150,BOX2EOHAO
2151,MIBKBOH
2152,LIMBCO
2153,MEKBO
2154,C715CO2OH
2155,C69O
2156,DICLETO
2157,BCALAOH
2158,C52O
2159,HO2C5O
2160,BCLKCOH
2161,C136CO2
2162,C9M2CO6OH
2163,C714OH
2164,IC3H7O
2165,BOXCOCHO
2166,HO14CO2C5
2167,C815CO2OH
2168,C6CO3HO25
2169,CYHXONAOH
2170,TLFUO
2171,INAHCHO
2172,C84OH
2173,MTBEBO
2174,NPXYOLOH
2175,C822CO2
2176,HEX3ONAOH
2177,MPRKAO
2178,ETBEBO
2179,EIPEO
2180,MC6OTKETO
2181,NOXYOLOH
2182,M2BKBO
2183,CO2HO4C6
2184,MPHCOMEOH
2185,C7M2CO5OH
2186,C930O
2187,MC7CO2O
2188,OXYFUO
2189,BCBCO
2190,C1210CO2
2191,LIMALAOH
2192,C104OH
2193,MEBFUO
2194,C613O
2195,CO2HOC61O
2196,C627OOH
2197,C4M22CONO3
2198,C514NO3
2199,C514O
2200,C72NO3
2201,PRONEMOOOH
2202,C98O
2203,C64OH5NO3
2204,LIMALNO3
2205,C84OOH
2206,NC4H9NO3
2207,NAPINAOOH
2208,C45NO3
2209,C45O
2210,ETOC2O
2211,COCCOHNO3
2212,MCOCOMOOOH
2213,C1213NO3
2214,C1213O
2215,C7M6CO2OH
2216,C65NO3CO3H
2217,ETOMENO3
2218,ETOMEO
2219,EPXM2DCO3H
2220,COCCOHCO
2221,HEX2ONBNO3
2222,PE1ENEAO
2223,HO1MC5O
2224,TM123BNO3
2225,TM123BO
2226,MBOBO
2227,OETLQONE
2228,C534OOH
2229,IPEAOOH
2230,NBUTOLAOOH
2231,C6H5OOH
2232,MBOANO3
2233,INB1OH
2234,CHCL3OOH
2235,DMCOOH
2236,HO3C106O
2237,LIMCNO3
2238,HM22C3OOH
2239,HO3C86NO3
2240,HO3C86O
2241,C46CO3H
2242,C3MDIALO
2243,H2C3OCNO3
2244,H2C3OCO
2245,NBUACBNO3
2246,MTBEBOOH
2247,PEBNO3
2248,MC7CO2OOH
2249,C4ME2OHO
2250,PRONFORM
2251,LIMALBOOH
2252,MIPKAOOH
2253,HO13C4OOH
2254,C6NO3COOOH
2255,INCO
2256,ME3BUOLOOH
2257,HO3C96O
2258,C152O
2259,C624NO3
2260,NMBOBOOH
2261,C66NO35OH
2262,CO25C74OOH
2263,PHCOMEOOH
2264,SBUACETAO
2265,PE1ENEBNO3
2266,C535O
2267,APINBNO3
2268,C4CHOAOOH
2269,HO3C126O
2270,C718NO3
2271,C718O
2272,M2BU2OLNO3
2273,CH2OOA
2274,C511OOH
2275,NBUACBOOH
2276,LIMALAOOH
2277,C6H5CH2NO3
2278,C6H5CH2O
2279,H1CO23CHO
2280,NMXYFUOOH
2281,C43NO3CO3H
2282,CO1C6NO3
2283,HOC4CHOO
2284,MPHCOMEOOH
2285,NLIMOOH
2286,BUTALNO3
2287,DE35TNO3
2288,DE35TO
2289,COC4NO3OOH
2290,ETOLNO3
2291,ETOLO
2292,NPXYQOOH
2293,C711OOH
2294,CH3SO2CHO
2295,EMPHCOMOOH
2296,APINAOOH
2297,C4CHOBNO3
2298,EMPHOOH
2299,C62CO3H
2300,HO3C4OOH
2301,C114OOH
2302,C519OOH
2303,NBUTOLBNO3
2304,BCALCCO
2305,PINONIC
2306,C85OOH
2307,C1010OOH
2308,CISOPAO
2309,C102OOH
2310,BCALCO
2311,NPEBQOOH
2312,DIIPRETO
2313,OCTNO3
2314,INAO
2315,H2M4C65O
2316,C151O
2317,C6H5C2NO3
2318,C6H5C2H4O
2319,C61CO3H
2320,M2PEANO3
2321,EOX2OLAOOH
2322,EOX2COMEOH
2323,M22C4NO3
2324,NPHENOH
2325,PHCOCOME
2326,CO24C63OOH
2327,NC3CO2H
2328,NBUTDAOH
2329,C4MNO32OOH
2330,C42O
2331,HO3C126NO3
2332,PROL11MOOH
2333,ME2BUOLO
2334,C1312NO3
2335,C1312O
2336,HEX3ONDNO3
2337,TMBNO3
2338,TMBO
2339,CO2C3OOA
2340,NPROACEBO
2341,C615CO2O
2342,C735OOH
2343,C924OOH
2344,IC4H9NO3
2345,IPROC21NO3
2346,C1210NO3
2347,C524NO3
2348,C67NO3
2349,C6NO3CO5OH
2350,C65OH4O
2351,C5DICARBO
2352,C924CO
2353,PRCOOPROL
2354,NOXYQOOH
2355,METLQONE
2356,OXYL1OOH
2357,BCCNO3
2358,CO25C73OOH
2359,BCKBNO3
2360,LMLKAOOH
2361,NC4H9OOH
2362,NC3H7OOH
2363,PE2ENEBNO3
2364,C3M3OHCO3H
2365,H13C43CO3H
2366,COO2C4OOH
2367,PXYLNO3
2368,PXYLO
2369,CL12PRAOOH
2370,C918CO3H
2371,C96NO3
2372,C109O
2373,PHC3O
2374,C113NO3
2375,PGLOOB
2376,IPEANO3
2377,C811NO3
2378,HO2M2C4OOH
2379,HPNC524CO
2380,OXYLO
2381,C928NO3
2382,C7MOCOCO3H
2383,PRNO3CO3H
2384,INDHCO3H
2385,NC91CO3H
2386,EOX2EOLBO
2387,CH3SCH2OOH
2388,CL2OHCH2O
2389,IPRACBNO3
2390,TBUTOLO
2391,HM33C3O
2392,CH3COCLOOH
2393,HO3C5OOH
2394,MBOOOA
2395,HO5C6OOH
2396,HEX3ONDOOH
2397,MXYLO
2398,INANCO3H
2399,IPROMC2NO3
2400,IPROMC2O
2401,ECO3CO3H
2402,C4OH2CO3H
2403,APINCO
2404,PPRBQONE
2405,C524CO
2406,HEXBOOH
2407,C71OOH
2408,ACCOCOMEO
2409,C151NO3
2410,M3PECO
2411,PRCOOMOOH
2412,HOCO4C5OOH
2413,TLCOBIPEOH
2414,C53NO32OOH
2415,ME3BUOLNO3
2416,C47CHO
2417,C618OOH
2418,CHOC2H4OOH
2419,C58AO
2420,CHOOCH2NO3
2421,C525OOH
2422,C720NO3
2423,C720O
2424,PRNOCOMOOH
2425,PGLOOA
2426,C4COMOHOOH
2427,BOX2COMOOH
2428,HM23C4OOH
2429,HEX3ONANO3
2430,HM22COCHO
2431,ETHO2HNO3
2432,HM33C4OH
2433,DECNO3
2434,HO2C6O
2435,DM123OOH
2436,HO2C54NO3
2437,CO2H3MCO3H
2438,C61NO3
2439,CLCOCLOOH
2440,C3EDIALO
2441,HO24C4CO3H
2442,INB1NBCHO
2443,PEBQONE
2444,MTBEBNO3
2445,NMBOAO
2446,LIMALBCO
2447,ETBEANO3
2448,CHEXNO3
2449,BCKOOA
2450,HEX2ONBOOH
2451,PEBOOH
2452,C137NO3
2453,HO1C6NO3
2454,HO1C6O
2455,PR2OHMOOOH
2456,C53OH2OOH
2457,INB1NBCO3H
2458,C622O
2459,C6135COOOH
2460,IPRHOCO3H
2461,DIEKBOOH
2462,C817NO3
2463,NONNO3
2464,HO3C116O
2465,C7ODLBCO3H
2466,C51NO3
2467,C628OOH
2468,COHCCLOOH
2469,C6125CO
2470,MPRKNO3
2471,NBUTOLANO3
2472,TM124BNO3
2473,TM124BO
2474,C614NO3
2475,PE2ENEAO
2476,NBCOOH
2477,HO5C5CO3H
2478,PXYL1OOH
2479,MMFNO3
2480,MMFO
2481,HO2M2C5NO3
2482,C122OOH
2483,BOXPROANO3
2484,C817CO
2485,C41CO2H
2486,BOXEOHBNO3
2487,MIBK3CO
2488,NISOPO
2489,M2PEAOOH
2490,ACOMCOMOOH
2491,C6CONO3OOH
2492,ACCOCOC2H5
2493,C2H5NO3
2494,C2H5O
2495,C916O
2496,C829O
2497,HO3C3CO3H
2498,PR1O2HNO3
2499,C4CHOBOOH
2500,C6DICARBO
2501,HEXANO3
2502,M2BKANO3
2503,TM124QONE
2504,PRNFORMOOH
2505,C73OOH
2506,M2HEXANO3
2507,CH2CLCOOH
2508,BCLKAOOH
2509,C51NO32OOH
2510,CHOMOHCO3H
2511,MXYQONE
2512,HC4CO3H
2513,PECNO3
2514,HO2M2C5OOH
2515,EIPKAOOH
2516,H3M3C5OOH
2517,PBZBPERNO3
2518,HMGLOOA
2519,HCOCOHCO3H
2520,NIPRBQOOH
2521,C5CO2DCO3H
2522,C734OOH
2523,ACEC2H4NO3
2524,HEPTNO3
2525,ACPRONEOOH
2526,C3DIALO
2527,TLBIPERNO3
2528,C92OOH
2529,C630OOH
2530,HO1C3OOH
2531,NTMB2FUOOH
2532,H3C25C6OH
2533,IPRFORMNO3
2534,C6NO324CO
2535,NC4CO2H
2536,C93NO3
2537,C1215O
2538,IC4H9OOH
2539,BZBIPERNO3
2540,NC102OOH
2541,C6OH5OOH
2542,C2H5OOH
2543,C824CO
2544,IPROPOLPER
2545,HOCO3C5OOH
2546,IPEBNO3
2547,IC3H7NO3
2548,M23C43NO3
2549,M23C43O
2550,C721OOH
2551,PEAOOH
2552,INCNCO3H
2553,ETBECNO3
2554,ETBECO
2555,SBUACBNO3
2556,C6OH5NO3
2557,H2M5C65O
2558,HM2C43O
2559,IBUTOLCO2H
2560,MMCFNO3
2561,BCSOZO
2562,M3HEXANO3
2563,CO24C53O
2564,ACROOA
2565,C726CO5OOH
2566,H2M3C4OOH
2567,NPXYFUOOH
2568,HC3CO2H
2569,PBFUOOH
2570,C3NO3COOOH
2571,BCLKBOOH
2572,BOXPROBOOH
2573,TM135BPNO3
2574,C6DIALOOH
2575,HM22C3NO3
2576,C6COALCO3H
2577,IC4CHOAOOH
2578,MIBKOHBOOH
2579,CH2CHCH2NO3
2580,CH2CHCH2O
2581,LIMBNO3
2582,C7CO2OCO3H
2583,CONO3C6OOH
2584,C915NO3
2585,C63NO32OOH
2586,H14CO23C4
2587,C148OOH
2588,INB1NACO3H
2589,DMMBNO3
2590,C131NO3
2591,BUTDAO
2592,MIBKAOH3CO
2593,NMXYQOOH
2594,HPC52CO3H
2595,MC6CO2OH
2596,C813O
2597,NLMKAOOH
2598,BCLKACO
2599,TC4H9O
2600,C626NO3
2601,C1310O
2602,CH2BROOH
2603,H3C25C6OOH
2604,C151OOH
2605,C5NO3OAOOH
2606,C76OOH
2607,CCL3CH2OOH
2608,CH3OCH2NO3
2609,CH3OCH2O
2610,SC4H9NO3
2611,C3MNO3CO3H
2612,BCOOA
2613,M3BU2OLOOH
2614,C610NO3
2615,C94OOH
2616,MXYBIPENO3
2617,C819OOH
2618,HO1C5NO3
2619,HO1C5O
2620,ETBEAOOH
2621,CHCL2COOH
2622,CO2N3CO3H
2623,MECOACEOOH
2624,C56OOH
2625,IPRACBOOH
2626,C55OOH
2627,BUTALAOOH
2628,C715CO2O
2629,C66NO35OOH
2630,IC3H7OOH
2631,MEKAOOH
2632,NOPINANO3
2633,C1012NO3
2634,MALANHYOOH
2635,HO3C76O
2636,PHIC3O
2637,APINBOOH
2638,BCLKCO
2639,NC61CO3H
2640,MTBEAOOH
2641,NTM124QOOH
2642,C42CO3H
2643,C919O
2644,BIACETO
2645,BCBOOH
2646,PXYQONE
2647,ACEC2H4OOH
2648,C4NO3CO3H
2649,BCAOOH
2650,HO3C106NO3
2651,PEANO3
2652,HYPROPO2H
2653,DM124O
2654,M33C4OOH
2655,M2PECNO3
2656,C79O
2657,PROL1MCO3H
2658,H1MC5O
2659,C930OOH
2660,HO2C6NO3
2661,CL12PRCOOH
2662,C108O
2663,HMML
2664,C727CO
2665,C526O
2666,BCSOZNO3
2667,C1211NO3
2668,C818OOH
2669,MACRNBPAN
2670,MTBKNO3
2671,C77NO3
2672,BPINBNO3
2673,C715O
2674,C810O
2675,C4OHCO3H
2676,C825OOH
2677,BCALBOOH
2678,HO1C3NO3
2679,NISOPNO3
2680,C717NO3
2681,C717O
2682,BCLKBCO
2683,C7M15CO2O
2684,DM35EBNO3
2685,DM35EBO
2686,INCGLYOX
2687,IBUALANO3
2688,NPETLQOOH
2689,C3H5CO2H
2690,NBUTDBNO3
2691,NBUTDBO
2692,M2PEBNO3
2693,C103NO3
2694,NPPRBQOOH
2695,NPRACCNO3
2696,NPROACECO
2697,C625OOH
2698,INAHPPAN
2699,C128O
2700,C139NO3
2701,C5EDBCO3H
2702,MMCFOOH
2703,C52NO31OOH
2704,HM2C43NO3
2705,EOX2OLANO3
2706,C731NO3
2707,CHOC4DOLO
2708,C823NO3
2709,M3PEBNO3
2710,C52NO33OOH
2711,IPBZBPRNO3
2712,BOXPROLAO
2713,C4DBMECO3H
2714,C64OH5O
2715,SC4H9OOH
2716,C820OOH
2717,CY6COCOOOH
2718,C5DIALCO
2719,LIMAOOH
2720,CO1H63O
2721,MPRNO3CO3H
2722,HOIPRGLYOX
2723,C517O
2724,BCALAOOH
2725,NPRACAOOH
2726,NOETLQOOH
2727,IBUTOLCNO3
2728,C146CO
2729,C112OOH
2730,OCCOHCO
2731,M23C4NO3
2732,LMLKBOOH
2733,C521OOH
2734,C65OH4NO3
2735,C611OOH
2736,CO3C4NO3OH
2737,C9M2CO6OOH
2738,DMPHGLYOX
2739,PBZQONE
2740,C5M2OHCO3H
2741,BUFORMOOH
2742,HO2C4OOH
2743,HO3C5NO3
2744,SBUACBOOH
2745,HO13C5NO3
2746,M2BU2OLOOH
2747,DIETETNO3
2748,DIETETO
2749,M22C43NO3
2750,MIPKBNO3
2751,ECO4
2752,C86OOH
2753,C57OOH
2754,C81OOH
2755,HOCH2CO2H
2756,HC3CCO3H
2757,C141NO3
2758,PEN2ONE1O
2759,CCLOHCOOH
2760,C6CONO34OH
2761,C1311NO3
2762,NBUACAOOH
2763,METLOBPROH
2764,C4DBM2CO3H
2765,APINANO3
2766,CL2OHCO3H
2767,C733CO
2768,NTMB1FUOOH
2769,C44OOH
2770,DMPHOOH
2771,ALCOCH2OOH
2772,C134OH
2773,HYETHO2H
2774,MEK2OOA
2775,LMLKACO
2776,M22C43OOH
2777,CYHXONANO3
2778,NAPINBOOH
2779,ALLYLOH
2780,ACLOOA
2781,INANCHO
2782,C87OOH
2783,H13CO2CO3H
2784,C7CO2DCO3H
2785,GAOOB
2786,HO2C4NO3
2787,ACCOETOOH
2788,C57AO
2789,C127NO3
2790,IPROPOLO2H
2791,MXYLNO3
2792,C5DIALO
2793,UDECNO3
2794,IPRBQONE
2795,MBOBNO3
2796,LMKAOOH
2797,M3PEAOOH
2798,PHC3NO3
2799,M3PEBOOH
2800,C7CO2M5O
2801,C129CO
2802,EBFUOOH
2803,C831NO3
2804,INB1O
2805,MTBEANO3
2806,CH3SOO2NO2
2807,IPRCHOOA
2808,IPBFUOOH
2809,BCLKCCO
2810,MACRO
2811,ACCOPROOH
2812,C104OOH
2813,LMKBOOH
2814,C96OOH
2815,HO1C4NO3
2816,C5COCHOOOH
2817,EPXM2DCO2H
2818,C6COALCO2H
2819,CY6DIONOH
2820,HEXCNO3
2821,HO3C4NO3
2822,INB1HPPAN
2823,BCKBOOH
2824,C1313NO3
2825,MBOAO
2826,C4NO3M2OOH
2827,C512NO3
2828,C826CO3OOH
2829,INAHCO3H
2830,HEX2ONANO3
2831,DMMALANHY
2832,KLIMONONIC
2833,C142NO3
2834,MACROHO
2835,EBZBPERNO3
2836,NBUTOLBOOH
2837,C1014NO3
2838,C722OOH
2839,C413COOOH
2840,HIEB2O
2841,NBZQOOH
2842,DMCNO3
2843,MEKANO3
2844,C927O
2845,C148CO
2846,MTBEAALOOH
2847,HNMVKOOH
2848,BCALNO3
2849,C133NO3
2850,C6COCHOOOH
2851,OXYQONE
2852,LMLKBCO
2853,C7CO2M5OH
2854,PROL11MNO3
2855,HEXBNO3
2856,C117NO3
2857,M22C4OOH
2858,C728NO3
2859,PTLQONE
2860,CH3SO4NO2
2861,C146OOH
2862,PE1ENEBO
2863,NC3H7NO3
2864,BPINCO
2865,C8DCO2CO3H
2866,CHOOCH2OOH
2867,H2M3CO4CHO
2868,LMKBNO3
2869,C64OH
2870,LIMALACO
2871,BCALBCO
2872,C136NO3
2873,MOCOCH2OOH
2874,C143NO3
2875,C82NO3
2876,C152NO3
2877,M23C4OOH
2878,MIBKAOHAO
2879,H3M3C5NO3
2880,TBUTOLNO3
2881,DDECNO3
2882,NPTLQOOH
2883,C736OOH
2884,CO13C3CO2H
2885,C8CO2DCO3H
2886,C152OOH
2887,C923NO3
2888,C4MNO31OOH
2889,C622NO3
2890,CLOHCO3H
2891,BOCOCH2OOH
2892,C124OOH
2893,DIEKBNO3
2894,C713OOH
2895,BZFUOOH
2896,C129OOH
2897,ETHOHNO3
2898,BCKAOOH
2899,C730NO3
2900,C74O
2901,IPROACETO
2902,EMPHGLYOX
2903,C815CO2O
2904,C522CO3H
2905,HEXAOOH
2906,NO3CH2CO3H
2907,NOXYFUOOH
2908,C729NO3
2909,C42MNO3OOH
2910,DMMANO3
2911,C118O
2912,C123NO3
2913,HC4ACO2H
2914,C7CDCCO2H
2915,C917O
2916,ISOPBOOH
2917,M33C4NO3
2918,CH3SCHO
2919,IPEBOOH
2920,HPC52O
2921,HO3C116NO3
2922,HOCH2CO3H
2923,CO235C6OOH
2924,PR2O2HNO3
2925,C5MEJCO3H
2926,HO13C3CO3H
2927,HM23C4NO3
2928,C106O
2929,H2M3C4NO3
2930,HO2CO4C5O
2931,SBUACCOOH
2932,PRCOFOROOH
2933,C58OOH
2934,TM123BPNO3
2935,INB1GLYOX
2936,C517NO3
2937,CH3COCH2O
2938,C1212NO3
2939,C922OOH
2940,EOCOCH2OOH
2941,PROLNO3
2942,C6EO2HCO3H
2943,C5COHOCO3H
2944,NMEBFUOOH
2945,NBUACANO3
2946,HEX2ONAOOH
2947,M2PEBOOH
2948,HO24C5OOH
2949,HO3C96NO3
2950,M3PEANO3
2951,MTBEAALNO3
2952,BCALACO
2953,C732NO3
2954,CH3CHOOA
2955,NBCKOOH
2956,H2M2C65NO3
2957,CLCOCL2OOH
2958,C716OOH
2959,C929OOH
2960,BUT2OLNO3
2961,BCBNO3
2962,PE2ENEANO3
2963,C527O
2964,CH2CLOOH
2965,HIEB1O
2966,C5124COOOH
2967,EIPKBNO3
2968,C822NO3
2969,C6OTKETCO
2970,M2PECOOH
2971,C4NO3M1OOH
2972,C78CO
2973,CL2OHCH2OH
2974,C7M6CO2O
2975,HO1C4OOH
2976,C826NO3
2977,BCSOZOOH
2978,NMETLQOOH
2979,PETLQONE
2980,LIMBOOH
2981,C3ME3CHOO
2982,OXYLNO3
2983,H3M3C6NO3
2984,C623NO3
2985,C63NO3
2986,IBUTALBO2H
2987,NPRACANO3
2988,CO25C6OOH
2989,C3H7CHOOA
2990,NC4OHCO3H
2991,ETOHCO2M
2992,PE1ENEANO3
2993,PRNOCOPOOH
2994,NTLFUOOH
2995,C62NO33OOH
2996,HO2M2C4NO3
2997,CO245C7
2998,IPRHOCO2H
2999,C3EODBCO2H
3000,C4MCONO3O
3001,MMALANHY
3002,C614CO23OH
3003,C51NO324CO
3004,CLGLYOX
3005,HCC7CO
3006,C4M2ALOHNO3
3007,MMCF
3008,C5MO132OH
3009,CH3O
3010,MALANHY
3011,NC4H9CHOOA
3012,HNC524CO
3013,C6O132OH
3014,C6M5CO2OH
3015,IPECO
3016,NAOOA
3017,C629OH
3018,MACROOA
3019,C8236CO
3020,C520OH
3021,MEMOXYCHO
3022,MACRNOOA
3023,BOX2ECHO
3024,MGLOOA
3025,C6CO2M2OH
3026,C6PAN18
3027,C6PAN19
3028,C6PAN10
3029,C6PAN11
3030,C6PAN12
3031,C6PAN14
3032,C6PAN17
3033,MEKAO
3034,C828O
3035,HM33C4OOH
3036,C4M2NO33O
3037,C6DCARBPAN
3038,C515O
3039,NEBNZOLO
3040,C511PAN
3041,C816PAN
3042,IPECNO3
3043,C66CO
3044,NPBNZOLO
3045,C8OHCO2PAN
3046,C6HOCOOOH
3047,ETACETOH
3048,HEX3ONCOOH
3049,ECO3PAN
3050,C533O
3051,C1H4C5PAN
3052,NC6PAN1
3053,INANPAN
3054,CO356OCO
3055,ENNCATECO
3056,C823PAN
3057,NTM123OLO
3058,NMXYOLO
3059,NC91PAN
3060,CL12PAN
3061,C623O
3062,C4OCCOHCOH
3063,C135O
3064,C113O
3065,C918PAN
3066,MVKOOH
3067,C1210PAN
3068,HC4PAN
3069,BOX2OHAOOH
3070,PRCOOETOH
3071,C515PAN
3072,C8CO2DBAL
3073,C830PAN
3074,C920PAN
3075,NMBOBO
3076,PRNO3PAN
3077,HO3C4O
3078,C6O4KETO
3079,ETHFORMNO3
3080,TM124BPAN
3081,C5DBECO3H
3082,C6M5CO2O
3083,CHOC4PAN
3084,C4MOHOPAN
3085,CH3CHCLOOH
3086,BOXCOEOLO
3087,C7MCO2DBAL
3088,PXYBIPENO3
3089,DNPHENO
3090,C2CL2OHOOH
3091,ETHFORMOOH
3092,C103O
3093,C74OOH
3094,HEX3ONBOOH
3095,HOACETETO
3096,MVKOHAO
3097,C3ME3PAN
3098,NC4H9O
3099,CCLCONO3
3100,C3DBPAN
3101,MIBK3COO
3102,HO2C4O
3103,C4DBMEPAN
3104,C512PAN
3105,C1313O
3106,C62CPAN
3107,HO6C7O
3108,TLEMUCPAN
3109,IBUDIALPAN
3110,M2PROPAL2O
3111,C5MEJPAN
3112,NMETOLOOH
3113,HM33C3NO3
3114,MC5COOHOOH
3115,PTNCATECO
3116,C58NO3PAN
3117,C622PAN
3118,BPINBO
3119,METACETO2H
3120,C41O
3121,C810NO3
3122,ME3BUOLO
3123,C8CO2OHPAN
3124,C4PAN1
3125,C4PAN2
3126,C4PAN3
3127,C4PAN4
3128,C4PAN5
3129,C4PAN6
3130,C4PAN7
3131,C4PAN8
3132,C4PAN9
3133,CHOC2PAN
3134,ETOC2NO3
3135,C5NO3CO4O
3136,C5COO2NO2
3137,DMMBO
3138,C10PAN2
3139,PEBO
3140,NLIMALO
3141,ETOMEPAN
3142,CLCOCH2O
3143,C31CO3H
3144,C4DBM2PAN
3145,NBUTOLAO
3146,PNNCATECO
3147,C518PAN
3148,DNPBNZLO
3149,MO2EOLAO
3150,DNPXYOLO
3151,C4COMOHPAN
3152,M3PEBO
3153,CYHXOLAOOH
3154,C7MCO3OHO
3155,COO2C4CHO
3156,TM124BPNO3
3157,C82O
3158,C61O
3159,PBZMUCPAN
3160,C615O
3161,C5DBEPAN
3162,C821O
3163,C8CO2DBPAN
3164,PXNCATECO
3165,LIMALO
3166,H2MC5OOH
3167,CHOMOHPAN
3168,CHOCOMOXO
3169,BCALCOOH
3170,C6MOCOCO3H
3171,ETHACETOOH
3172,IEAPAN
3173,DNCRESO
3174,C6CO34HO1
3175,METLMUCPAN
3176,C7DCO
3177,IC7DCPAN
3178,DIIPRETNO3
3179,C65NO36O
3180,HOCO3C4OOH
3181,C3M3OH2PAN
3182,C615CO2OOH
3183,C6CO134PAN
3184,C7DDCO
3185,C115O
3186,C732PAN
3187,C6OH5O
3188,LIMCO
3189,BCLKCOOH
3190,C61CPAN
3191,HO2C5NO3
3192,MIBKCOOHO
3193,IP3ODBCO2H
3194,HM33C4NO3
3195,CHOCOHCO
3196,C919NO3
3197,C530NO3
3198,C828PAN
3199,C7MJPCO3H
3200,C5DIALOOH
3201,ETACETNO3
3202,MEMOXYPAN
3203,MXYOHNO2O
3204,CO35C5CHO
3205,C7CO3OHO
3206,NC51O
3207,BOX2EOHBO
3208,ACETC2PAN
3209,INB2OOH
3210,HO1MC5NO3
3211,C829NO3
3212,T123NNCTO
3213,C510O
3214,C3COCPAN
3215,C3DIALOOH
3216,ACETMEPAN
3217,CO24C6OOH
3218,APINCNO3
3219,IPRACNO3
3220,ALC4DOLOOH
3221,INB1NBPAN
3222,CO3C4NO3
3223,C88PAN
3224,DNOETOLO
3225,C134O
3226,HO13C4O
3227,PROL11MO
3228,HO2MC5NO3
3229,HO8C9O
3230,NPETOLO
3231,C7BDCOOH
3232,H3C25C6PAN
3233,MXYLPAN
3234,IPNCATECO
3235,C917NO3
3236,M2BUOL2O
3237,BUTDCO
3238,C1010NO3
3239,C63O
3240,HO2C5OOH
3241,HM22C4NO3
3242,MEKBOOH
3243,H2M3C4O
3244,DNEBNZLO
3245,OTNCATECO
3246,C2CL3OHBO
3247,C23O3ECPAN
3248,H13M3C5O
3249,C6TRONOHO
3250,C627PAN
3251,PHCOCOCO
3252,C6PAN5
3253,NTM135OLO
3254,NCRESO
3255,PHPTN
3256,H3C2C4PAN
3257,MCOOTBNO3
3258,C822PAN
3259,PHCOETOOH
3260,C89NO3
3261,C126PAN
3262,OETLMUCPAN
3263,ISOPDOOH
3264,C4CONO3O
3265,DNIPBNZLO
3266,H2M4C65NO3
3267,INCNPAN
3268,PHXN
3269,DMMAO
3270,DFC
3271,NC826O
3272,HO2M2C4O
3273,BUTDBO
3274,C57O
3275,C5PAN9
3276,C5PAN8
3277,C5PAN5
3278,C5PAN4
3279,C5PAN7
3280,C5PAN1
3281,C5PAN3
3282,C5PAN2
3283,C5124COPAN
3284,C733O
3285,C1310NO3
3286,C1310CO
3287,C105O
3288,C626PAN
3289,C517PAN
3290,PC3ODBCO2H
3291,CH2OHCCLO
3292,C1013PAN
3293,IPRACBPAN
3294,IBUTALO2H
3295,C6COOHCO3H
3296,EOX2EOLAO
3297,M2PEBO
3298,C64NO3
3299,C730O
3300,IC7DCO
3301,C614O
3302,BZEMUCPAN
3303,NDMMALYO
3304,C831CO
3305,COO2C3PAN
3306,C8DBCO2PAN
3307,MVKOHBOOH
3308,MTNNCATCO
3309,HCOCH2O
3310,C51O
3311,C2CL3OHAO
3312,MACRNBCO2H
3313,NDMEPLOOH
3314,C6PAN23
3315,CO23C54O
3316,PR2OHMOXO
3317,CLOHPAN
3318,PNCATECO
3319,NPXYOLO
3320,M33C4O
3321,T124NNCTO
3322,C1213CO
3323,NDEMPLOOH
3324,EPXDLPAN
3325,M3HEXBNO3
3326,CO2C3PAN
3327,ACECOCOCH3
3328,NIPBNZOLO
3329,CO234C65O
3330,C23O3MCOOH
3331,C827PAN
3332,C923PAN
3333,CHOOMPAN
3334,MNCATECO
3335,C1312CO
3336,C125O
3337,NO3CH2CO2H
3338,PTNNCATCO
3339,NDEMPHOLO
3340,NBCALO
3341,MACRNPAN
3342,C6MOHCOPAN
3343,HO3C6NO3
3344,HOC4CHOOOH
3345,C817PAN
3346,C141PAN
3347,CHOC3COPAN
3348,NTM124LOOH
3349,C136PAN
3350,IPBZMUCPAN
3351,MNNCATECO
3352,EBZMUCPAN
3353,NOPINCNO3
3354,C1211CO
3355,C93O
3356,METACETNO3
3357,NOXYOLO
3358,NC4CO3H
3359,HC3CO3H
3360,MXNCATECO
3361,C1H4C5CO3H
3362,NEOPNO3
3363,C106NO3
3364,A2PAN
3365,CHEXO
3366,HO13C5O
3367,MPRKAOOH
3368,EPXKTMPAN
3369,C128NO3
3370,INDHPPAN
3371,C23O3CPAN
3372,C123O
3373,HYPROPO
3374,C4NO3PAN
3375,C5CO234O
3376,BOXPROLBO
3377,C7OHCO2PAN
3378,C4NO32M2O
3379,DNPETOLO
3380,HO3C6OOH
3381,CO1H63NO3
3382,C52OOH
3383,C610O
3384,MECOFORMO
3385,IPROPOLPAN
3386,C8CO3OHO
3387,NBUACCNO3
3388,C7PAN3
3389,C7PAN2
3390,C7PAN1
3391,OTNNCATCO
3392,ACEETOHO
3393,NC1313O
3394,ACCOCOMOOH
3395,C5CO2DBPAN
3396,C811PAN
3397,C5EDBPAN
3398,C729PAN
3399,C95O
3400,C312COPAN
3401,MC4CODBPAN
3402,PBN
3403,C5CO2OHPAN
3404,C137PAN
3405,H1MC5NO3
3406,C613OOH
3407,H1C23C4O
3408,HC4ACO3H
3409,PIPN
3410,HM22C4OOH
3411,M3PECNO3
3412,MTNCATECO
3413,C64OOH
3414,COO2C4PAN
3415,HMACROH
3416,C3MCODBPAN
3417,C617PAN
3418,C524O
3419,C7ADCO
3420,HO1CO3C5
3421,C5PAN18
3422,INANCOCO2H
3423,MPRBNO3PAN
3424,NC4OHCPAN
3425,C6CO3OHOOH
3426,C6H5CH2PAN
3427,NBUACCOOH
3428,C79OOH
3429,BCCO
3430,C46PAN
3431,EPXMKTPAN
3432,C72O
3433,BRETPAN
3434,C615PAN
3435,PETLMUCPAN
3436,C1215CO
3437,C1215NO3
3438,ACCOMEPAN
3439,STYRENO
3440,ENCATECO
3441,BPINAO
3442,NEOPOOH
3443,MTBKO
3444,C8OHO2CO3H
3445,C5PAN11
3446,C5PAN10
3447,C5PAN13
3448,C5PAN12
3449,C5PAN14
3450,C5PAN16
3451,C7DCPAN
3452,HO3C3PAN
3453,C3MNO3PAN
3454,HEXCO
3455,PHIC3NO3
3456,C131PAN
3457,NPRACBNO3
3458,HPC52PAN
3459,C7CODBPAN
3460,C4CO2DCO3H
3461,C58NO3CO3H
3462,C5COOHCO3H
3463,NMETOLO
3464,C6PAN20
3465,INB1NAPAN
3466,C77O
3467,CLCOCLMEO
3468,T124NCATO
3469,C712NO3
3470,C712O
3471,PHAN
3472,C5DCO2CO3H
3473,BCALO
3474,PXNNCATCO
3475,M2BKAO
3476,HO5C6O
3477,C3EDIALOOH
3478,OXNCATECO
3479,M3BU3EPAN
3480,PINALNO3
3481,HCOCOHPAN
3482,DIEKAOOH
3483,C5DBCO2PAN
3484,ACCOCOETO
3485,MIPKBO
3486,C4M2ALOHO
3487,TC4H9NO3
3488,C7CO2DBPAN
3489,CO1M22PAN
3490,C57NO3PAN
3491,C109OOH
3492,M2HEXBNO3
3493,C7OHO2CO3H
3494,DNT123LO
3495,C728O
3496,C519PAN
3497,C4PAN10
3498,PXYMUCPAN
3499,C916NO3
3500,MPRANO3O
3501,C4CO2DBPAN
3502,C56O
3503,C4OCCOHCO
3504,IPROC21O
3505,C83O
3506,DNT124LO
3507,PROPALO
3508,PROPALOOH
3509,C7MOHCOPAN
3510,C927NO3
3511,NOETOLOOH
3512,C930NO3
3513,MCOOTBOOH
3514,HO7C8O
3515,INANCOPAN
3516,MIBKAOHBO
3517,CLETPAN
3518,C41CO3H
3519,DNC524CO
3520,PE2ENEBO
3521,C43NO3PAN
3522,C715CO2OOH
3523,HMAC
3524,C54OOH
3525,C6CO2OHPAN
3526,C534O
3527,MEKCOOH
3528,C929CO
3529,C731PAN
3530,DMPHCOMOOH
3531,NPHENO
3532,NPHENOOH
3533,BUT2OLOOH
3534,C6CO34O
3535,C3DBCO3H
3536,CO3H4PAN
3537,C98NO3
3538,NC623O
3539,C1011PAN
3540,C3PAN2
3541,HNBIACET
3542,H2MC5NO3
3543,C7CO2DBAL
3544,ACBUOAOOH
3545,NDMEPHOLO
3546,NCATECO
3547,EPXEKTPAN
3548,ISOP34O
3549,C4OHPAN
3550,C108NO3
3551,DNOXYOLO
3552,GLYOOB
3553,C62NO335CO
3554,CHCL2PAN
3555,DNMXYOLO
3556,PRCOOMPAN
3557,C52NO3
3558,MOXCOCH2OH
3559,M23C4O
3560,CY6DIONO
3561,NTM124OLO
3562,HO2MC5OOH
3563,HMVKBPAN
3564,MC5CO2OHO
3565,C3PAN1
3566,C6EO2OHPAN
3567,C68NO3
3568,C68O
3569,DMEBMUPAN
3570,COCCOHCOOH
3571,CLCOCLO
3572,C5M2OHOPAN
3573,IPROPOLO
3574,C118NO3
3575,NC3CO3H
3576,NBPINAO
3577,C928PAN
3578,HO2C54O
3579,C915O
3580,C6PAN2
3581,C6PAN3
3582,C6PAN1
3583,C6PAN6
3584,C6PAN7
3585,C6PAN4
3586,C6PAN8
3587,C6PAN9
3588,NBPINBO
3589,PPEN
3590,C8O2OHCO3H
3591,C3DIOLO
3592,IPROMCPAN
3593,C5CO23O
3594,MSIA
3595,INANCOCO3H
3596,IBUTOLBO
3597,ACBUONANO3
3598,NO3CH2PAN
3599,NNCATECO
3600,BPINCNO3
3601,BOXCOCHOO
3602,M3CO245C6
3603,HOCH2CH2O
3604,C826O
3605,HO3C76NO3
3606,OXNNCATCO
3607,C7CO2OHPAN
3608,C23O3ECOOH
3609,HEX2ONCOOH
3610,C621O
3611,IPNNCATCO
3612,C6PAN21
3613,IECPAN
3614,HC4CCO3H
3615,DETLMUPAN
3616,T123NCATO
3617,C530O
3618,C718PAN
3619,NC730O
3620,CHCL2OOH
3621,DNMETOLO
3622,C65NO3PAN
3623,HO24C5O
3624,NC728O
3625,C727OOH
3626,C7MJPPAN
3627,MXNNCATCO
3628,C5O45OHPAN
3629,C67O
3630,M2PEDNO3
3631,M2PEDO
3632,C531OOH
3633,C4OH2CPAN
3634,C116PAN
3635,IPEAO
3636,EPXMDLPAN
3637,C58O
3638,BOXMPAN
3639,PPN
3640,C824O
3641,INDHPAN
3642,MALDIALPAN
3643,ETBECPAN
3644,C87PAN
3645,C522PAN
3646,CYHXONAO
3647,MIBKANO3
3648,MIBKAO
3649,CO2OH3MPAN
3650,C624PAN
3651,C6PAN22
3652,C918NO3
3653,C134CO
3654,PROL1MPAN
3655,DNPHEN
3656,PNCATECH
3657,CO356C10
3658,CO356C11
3659,CO356C12
3660,PXNCATECH
3661,C4ME2OHNO3
3662,MIPKAO
3663,EGLYOOD
3664,DNPXYOL
3665,DNT124BOL
3666,NCATECHOL
3667,OCT3ONE
3668,EBNZOHNO2
3669,DEC3ONE
3670,PHCHOOA
3671,IBUTOLBNO3
3672,IPNCATECH
3673,M2BUOL2NO3
3674,OTNCATECH
3675,CO346C8
3676,PET1OHNO2
3677,HEPT3ONE
3678,DNCRES
3679,CO235C7
3680,INCNCHO
3681,MPHGLYOX
3682,EBZOBPEROH
3683,CO356C9
3684,ME2BUOLNO3
3685,OXY1OHNO2
3686,MVKOOA
3687,MNCATECH
3688,ENCATECH
3689,PBNZOHNO2
3690,BZOBIPEROH
3691,DNT123BOL
3692,IPBNZOHNO2
3693,TM135OBPOH
3694,HOC6H4NO2
3695,DNMXYOL
3696,MXNCATECH
3697,M2CO5C6
3698,DNPETOL
3699,C109CO
3700,DNPBNZOL
3701,TM123OHNO2
3702,EBENZOL
3703,PTNCATECH
3704,M3BU2OLNO3
3705,MTNCATECH
3706,PBZOBPEROH
3707,NC101CO
3708,OXYLOL
3709,IPBZOBPROH
3710,ACO2H
3711,BUTDANO3
3712,DNMETOL
3713,TM123BOL
3714,TM124OL
3715,DNEBNZOL
3716,C77CO
3717,BPINANO3
3718,DNIPBNZOL
3719,OXNCATECH
3720,DNOETOL
3721,T124NCATEC
3722,IPBENZOL
3723,MET1OHNO2
3724,TM123OBPOH
3725,UDEC3ONE
3726,OXYMUCCO
3727,OXYMUCNO3
3728,DDEC3ONE
3729,M3CO5C6
3730,TM124OHNO2
3731,DMKOHO
3732,OETOH
3733,NON3ONE
3734,MXY1OHNO2
3735,OETLMUCCO
3736,OETLMUCNO3
3737,MGLOOC
3738,PBENZOL
3739,PXY1OHNO2
3740,OET1OHNO2
3741,PETOH
3742,CRESOL
3743,MXYLOL
3744,INANCO
3745,PXYLOL
3746,DNOXYOL
3747,CCOCOCOH
3748,METHTOL
3749,METOH
3750,T123NCATEC
3751,C59OOH
3752,BOXPOLANO3
3753,H2M5C65NO3
3754,PETLMUCNO3
3755,C6PAN15
3756,DEMPHOH
3757,BOXEOHANO3
3758,TM124MUPAN
3759,C715OOH
3760,C4MCNO3OOH
3761,C6PAN16
3762,MACRNCO3H
3763,C2H5CHOOB
3764,BUTAL2O
3765,C823CO
3766,TM123BPAN
3767,C57AOOH
3768,ME3BU2OLO
3769,BUTAL2NO3
3770,NEBNZOLOOH
3771,C47PAN
3772,TMBPAN
3773,RGDCO2H
3774,C5OHCO4OOH
3775,HCOCH2CO2H
3776,METLMUCNO3
3777,C9M3CO
3778,C721PAN
3779,ISOPDO
3780,C131CO
3781,C815CO2OOH
3782,C527OOH
3783,TM124MUO2H
3784,C7MCO2OOH
3785,C5PAN6
3786,DMEPHOH
3787,OXYLPAN
3788,HMACO3H
3789,PROPOLNO3
3790,C53OOH
3791,C89PAN
3792,NCRESOOH
3793,C527NO3
3794,IPGLOOB
3795,C31PAN
3796,TM123MUNO3
3797,HC4CHO
3798,C8PAN1
3799,DMSO2OOH
3800,NPXYOLOOH
3801,C6CO2OHOOH
3802,H1C23C4PAN
3803,ETBEAPAN
3804,TBUTOLOOH
3805,C51OH2OOH
3806,M3CO25C6
3807,MIBKBOOH
3808,C612OOH
3809,C7DDCPAN
3810,MTBEAALPAN
3811,C8M3CO
3812,MC3CODBPAN
3813,C515CHO
3814,TM135BZOL
3815,TM135MUPAN
3816,EOX2OLBNO3
3817,C6PAN13
3818,C47CO3H
3819,NTM135LOOH
3820,C52OH3OOH
3821,C5PAN19
3822,PXYLPAN
3823,C5PAN15
3824,C5PAN17
3825,C57NO3CO3H
3826,MPRKBOOH
3827,INAHPAN
3828,METLBIPNO3
3829,TBUACPAN
3830,CO3H4CO3H
3831,C23O3MCPAN
3832,CL2OHOOH
3833,NPETOLOOH
3834,C732CO
3835,ACRPAN
3836,EMPHPAN
3837,C64OH5OOH
3838,HEX3ONAOOH
3839,ACO3H
3840,ETBEBNO3
3841,NMBOAOOH
3842,C6OTKETOOH
3843,TM124MUNO3
3844,MIBKHO4OOH
3845,C10PAN1
3846,CO12C4CHO
3847,MBOBOOH
3848,MACRNBCO3H
3849,HIEB2OOH
3850,CH2OHCOCL
3851,INCOOH
3852,MXYMUCPAN
3853,C7ADCPAN
3854,NTM123LOOH
3855,TM123OLO
3856,ISOPBO
3857,CH2OHCL2O
3858,C4MCODBPAN
3859,C65OH4OOH
3860,C62O
3861,C62OOH
3862,NOXYOLOOH
3863,C52OH1OOH
3864,C9PAN1
3865,C526NO3
3866,TM135OLO
3867,C64O
3868,NMXYOLOOH
3869,DMEPHOLO
3870,C9PAN2
3871,NPBNZOLOOH
3872,C65O
3873,C4CHO2O
3874,HMPAN
3875,M3BUTAL2O
3876,C7M3CO
3877,HIEB1OOH
3878,NIPBZOLOOH
3879,PBZN
3880,HMVKAO
3881,C5DICAROOH
3882,DEMPHOLO
3883,OXYMUCPAN
3884,MBOAOOH
3885,BZEMUCNO3
3886,C618PAN
3887,ETBEBOOH
3888,HMACROOH
3889,HMACRO
3890,C58AOOH
3891,C3H7CHOOB
3892,C1211PAN
3893,SBUACANO3
3894,CHOC2CO2H
3895,C137CO
3896,NBUACETBO
3897,C816O
3898,C118CO
3899,C624O
3900,M22C43O
3901,EMPHCOME
3902,NDNPXYOLO
3903,HEX2ONBO
3904,C64NO335CO
3905,H13M3CO4C5
3906,NEBFUO
3907,IEPOXB
3908,BOXCHO
3909,HO3CO6C7
3910,C831O
3911,C51NO32CO
3912,METLMUCCO
3913,CHOOCH2O
3914,CH3COPAN
3915,ACCOC3H6O
3916,ME2BU2OLO
3917,C6COCHOPAN
3918,COHM2CO2H
3919,C143O
3920,C42NO33O
3921,MMCFO
3922,CO2C4GLYOX
3923,NDNMXYOLO
3924,TLEMUCCO
3925,TLEMUCNO3
3926,PHCOET
3927,PXYMUCCO
3928,PXYMUCNO3
3929,TL4OHNO2O
3930,MCOCOMOX
3931,NORLIMO
3932,C515CO
3933,ETBEAO
3934,NDNMETOLO
3935,BZEMUCCO
3936,C66NO35CO
3937,NBUACETAO
3938,NIPBFUO
3939,MACROOH
3940,C23O3EHO
3941,C4M3NO3ONE
3942,MXYL1OOH
3943,COHM2PAN
3944,NDNT123LO
3945,SC4H9O
3946,CCL2OHCOCL
3947,H3C25C5CHO
3948,NDNPBNZLO
3949,NDNIPBZLO
3950,MPHCOME
3951,CO24C53OOH
3952,C62NO33CO
3953,NBZFUO
3954,IPRMEETO
3955,DM124OOH
3956,ISOPAOH
3957,EBZMUCCO
3958,EBZMUCNO3
3959,C630CO
3960,BOX2COMOH
3961,TM135BPRO
3962,NDNT124LO
3963,C4M2NO3ONE
3964,METHCOACET
3965,BUTALO
3966,TLOBIPEROH
3967,C6DIALO
3968,CO24M3C5
3969,C4ECO2O
3970,C925O
3971,NOPINAO
3972,IPBZMUCCO
3973,IPBZMUCNO3
3974,CO23C65O
3975,IPEBO
3976,BZBIPERO
3977,NPROACEAO
3978,ETHENO3O
3979,PETLMUCCO
3980,NPBFUO
3981,CCLOHCOCL
3982,MACRNCO2H
3983,PECO
3984,NDNOXYOLO
3985,MTBEBCHO
3986,C128CO
3987,NDNCRESO
3988,C63NO32CO
3989,NDNOETOLO
3990,NBUTOLBO
3991,TM124MUCCO
3992,SBUACETBO
3993,DETLBIPRO
3994,SBUACEONE
3995,MXYMUCCO
3996,MXYMUCNO3
3997,C3MCODBCO2
3998,PRCOOPRONE
3999,PHCOME
4000,H2M2C65O
4001,C87CO
4002,CY6TRION
4003,ACEPROPONE
4004,C736CO
4005,NDNPETOLO
4006,C133CO
4007,C516O
4008,C53NO32CO
4009,DMPHCOME
4010,C52NO33CO
4011,NDNEBNZLO
4012,CH3NO3
4013,C65OOH
4014,ACEBUTONE
4015,MMALNBPAN
4016,ACEBUTBONE
4017,DMCO
4018,PBZMUCCO
4019,PBZMUCNO3
4020,NDNPHENO
4021,TM124NO2O
4022,PXYL1O
4023,C526OOH
4024,C7ADICARB
4025,MOXY2CHO
4026,MTBEBPAN
4027,OXYBIPENO3
4028,C813NO3
4029,EMPHO
4030,DMKOHOOH
4031,IEACHO
4032,CHCLOHCO
4033,C58ANO3
4034,DHPMEK
4035,C4MCO2OH
4036,HODMSO2
4037,C6M5CO2OOH
4038,IECCHO
4039,OETLBIPNO3
4040,MALDIALOOH
4041,CH3SOO
4042,HPC52OOH
4043,C727PAN
4044,ME2BUOLOOH
4045,DETLMUNO3
4046,MACROHOOH
4047,C42OOH
4048,MC6CO2OOH
4049,CO2M3C4CHO
4050,TM135MUNO3
4051,DMPHO
4052,DMEBMUNO3
4053,C7CO2M5OOH
4054,C4MOHOCO3H
4055,C6DICAROOH
4056,C5O5OHCO3H
4057,C712OOH
4058,C4ECO2OOH
4059,C714OOH
4060,C7M6CO2OOH
4061,C520OOH
4062,CISOPCO
4063,C78OOH
4064,C113CO
4065,PETCATECH
4066,C143CO
4067,NPROACECO2
4068,INDOOH
4069,T124CATECH
4070,CL12PRCO2
4071,CH3CLCOCL
4072,OXYCATECH
4073,NC524O
4074,C66OOH
4075,TM124OLO2
4076,CONM2CO3H
4077,DMMBO2
4078,C51OH2CO
4079,NC4DCO2H
4080,PXYCATECH
4081,MMALNACO2H
4082,C4COMEOH
4083,TCEOHO2
4084,C123CO
4085,TMBO2
4086,CH2CHCH2O2
4087,INAOOH
4088,C532CO
4089,MCATECHOL
4090,C6OTRIKET
4091,OETCATECH
4092,TMB2FUONE
4093,NC4IPDCO2H
4094,C109OH
4095,BUTALO2H
4096,MMALNBCO3H
4097,OETOLO2
4098,C54CO
4099,CH2CLCH2O2
4100,CL12PRAO2
4101,MIPKAOH
4102,T123CATECH
4103,MACO3H
4104,MXYOLO2
4105,CL12PRBO2
4106,CL12PRBO
4107,NC4EDCO2H
4108,C537OOH
4109,C513CO
4110,C23C54CHO
4111,CO2H3CO3H
4112,DIBRETO2
4113,C3M3CHONO3
4114,BCLKBOC
4115,BCALBOC
4116,IEC2OOH
4117,MC6OTRIKET
4118,ACCOPRONE
4119,OXYFUONE
4120,CNO3OCL
4121,OXYLO2
4122,TM124MUO3H
4123,TM124BO2
4124,C6H5C2H4O2
4125,ACBUONBOOH
4126,MMALNBCO2H
4127,MMALNACO3H
4128,PBENZOLO2
4129,MXYLO2
4130,VGLYOX
4131,METCATECH
4132,C629OOH
4133,C65OH
4134,TM123MUCCO
4135,CHCL2CH2O2
4136,C4OCCOHNO3
4137,HMVKBOOH
4138,CH2OOC
4139,NC4PDCO2H
4140,HO2CO35C7
4141,PXYOLO2
4142,IPBENZOLO2
4143,MXYCATECH
4144,HO3CO46C8
4145,H3NCO2CHO
4146,MTBEACHO
4147,EBENZOLO2
4148,CCL3CH2O2
4149,EOCOCHO
4150,C93CO
4151,TM123BO2
4152,MMALNAPAN
4153,C103CO
4154,PETOLO2
4155,C144O
4156,CO2HO3C6
4157,H2C3OCO2
4158,C23O3CHO
4159,MO2EOLBO2
4160,OXYOLO2
4161,PHGLYOX
4162,ETHOXO2
4163,DMMAO2
4164,MMFO2
4165,NCO23CHO
4166,PETLBIPRO2
4167,CO25C6
4168,CONM2PAN
4169,CRESO2
4170,INDHCHO
4171,COHM2CO3H
4172,METOLO2
4173,TBOCOCHO
4174,PXYLO2
4175,C7BDCO
4176,BZEMUCO
4177,MVKOHAOH
4178,OXYMUCO
4179,OETLMUCO
4180,C520O
4181,C4M3NO32O
4182,C1012O
4183,PXYMUCO
4184,M2BK
4185,C61CO
4186,MXYMUCO
4187,METLMUCO
4188,EBZMUCO
4189,PROL2FORM
4190,C4CO2O
4191,C4NO32M1O
4192,PRONO3BO
4193,CHOC3DIOL
4194,C629O
4195,IPRFORMO
4196,C6CO4DB
4197,TM124MUCO
4198,BOXPRONEAO
4199,DMEBMUCO
4200,C52NO31O
4201,C512O
4202,MBOBCO
4203,MXYOBPEROH
4204,PETLMUCO
4205,BUTONENO3
4206,NC526O
4207,TLEMUCO
4208,CO4DBC8
4209,CO4DBC9
4210,TM135MUCO
4211,HO13CO4C5
4212,PRONO3AO
4213,TM123MUCO
4214,DETLMUCO
4215,C6COHOCHO
4216,MPRBNO3O
4217,HMVKNO3
4218,CHCL2COCL
4219,C7EDCO
4220,C42AOH
4221,CYC613DION
4222,MC3ODBCO2H
4223,METACETHO
4224,BCKSOZ
4225,MIBKOHAOOH
4226,TM123OXMUC
4227,CHOOCHO
4228,INB1OOH
4229,NC524OOH
4230,ETHFORM
4231,C524OOH
4232,C7M2CO5OOH
4233,C535OOH
4234,CH3CCL2O2
4235,CH3COCL
4236,DMCO2
4237,CYHXOLACO
4238,OXYLAL
4239,NDEMPHOLO2
4240,CH3COCCLO2
4241,CL12PRCHO
4242,ACEC2CHO
4243,C816CO
4244,CH3C2H2O2
4245,CCL3CHO
4246,TM124BCHO
4247,INB1CO
4248,NBUTDAO2
4249,C6H5CH2CHO
4250,NDMEPHOLO2
4251,CO3C5CHO
4252,CHCL3O2
4253,CH2CL3O2
4254,NISOPO2
4255,DEMPHOLO2
4256,TMBCHO
4257,DMEPHOLO2
4258,MMCFO2
4259,C131CO2H
4260,MXYLAL
4261,NBUTDBO2
4262,CHCL2CHO
4263,C624CO
4264,TM123BCHO
4265,GLYOOC
4266,BRETAL
4267,C615CO
4268,DIEKAOH
4269,NTM123OLO2
4270,MTBEBO2
4271,TM135OLO2
4272,TM123OLO2
4273,C7ADCCO2H
4274,MGLYOOA
4275,NTM135OLO2
4276,NOETOLO2
4277,NOETOLO
4278,HOCOC4DIAL
4279,C4CONO3OOH
4280,C4NO3COOOH
4281,C828CHO
4282,INCCO
4283,PXYLAL
4284,BCSOZ
4285,C921O2
4286,C75O2
4287,C812O2
4288,PBZQO2
4289,HO2M2C5O2
4290,C6IPRCO4DB
4291,CO3C75O2
4292,C514O2
4293,ACCOETO2
4294,CCL3CO3
4295,NPTLQO2
4296,NMETLQO2
4297,HO3C126O2
4298,NMEBFUO2
4299,CCLNO3CO
4300,H3M3C6O2
4301,C44O2
4302,C6H5CH2O2
4303,C4MCODBCO2
4304,CONM2CO2H
4305,PETLQO2
4306,CH2CLCOCL
4307,M2PECO
4308,PEBQO2
4309,NEBFUO2
4310,MALDIALCO2
4311,IPCATECHOL
4312,NC72O2
4313,C6PRCO4DB
4314,EBFUO2
4315,PHENO2
4316,HO3C96O2
4317,MBOACO
4318,HM23C4O2
4319,NBZFUO2
4320,C4ME2OHO2
4321,NOETLQO2
4322,C830O2
4323,C9DCO2
4324,HO1C4O2
4325,C1211O2
4326,NMXYQO2
4327,C121O2
4328,C619O2
4329,PPRBQO2
4330,HO3C86O2
4331,DMMALYO2
4332,C111O2
4333,MXYFUO2
4334,C710O2
4335,NOXYQO2
4336,C101O2
4337,OETLQO2
4338,CO24M3C5OH
4339,NPBFUO2
4340,NMVK
4341,C8M2CO6OOH
4342,NC71O2
4343,HO3C116O2
4344,NTLFUO2
4345,METLQO2
4346,INDO
4347,C823O2
4348,NPETLQO2
4349,ME3CO2BUOL
4350,CH2BRO2
4351,CHOBR
4352,PXYBIPERO
4353,C6CYTONO2
4354,C914O2
4355,TM124QO2
4356,CYC6DIONO2
4357,C4ME2NO3O2
4358,C7CO4DB
4359,C4MALOHOOH
4360,C97O2
4361,BOX2MO2
4362,NOPINBO2
4363,NAPINBO
4364,NIPBFUO2
4365,HCOC5
4366,PBFUO2
4367,C14O3PCHO
4368,TLFUO2
4369,HO2C6O2
4370,NC101O2
4371,NMXYFUO2
4372,TMB1FUO2
4373,C5OCO3M
4374,C6ETCO4DB
4375,MEBFUO2
4376,C732O2
4377,IPBFUO2
4378,C14O3IPCHO
4379,C7DDCCO2
4380,OXYQO2
4381,C7ECO4DB
4382,C8CO4DB
4383,BIACETOOH
4384,HO2CO4CHO
4385,BZFUO2
4386,CO3C85O2
4387,MXYQO2
4388,C718O2
4389,PCATECHOL
4390,COCL2
4391,HO1CO24C6
4392,MPRKAOH
4393,C1014CO
4394,C1014O
4395,C1011O2
4396,C717O2
4397,C14O3ECHO
4398,C6CO4M2DB
4399,C6CO4MEDB
4400,HO3C106O2
4401,PXYFUO2
4402,C91O2
4403,HO14CO2C4
4404,PXYQO2
4405,C1013O2
4406,BUTDAO2
4407,H2M2CO5C6
4408,HO2CO5C7
4409,C6CO23HO5
4410,NPXYFUO2
4411,C137O2
4412,O
4413,PTLQO2
4414,C2CL2OHO2
4415,NPROACEBO2
4416,NMETOLO2
4417,EBZBIPERO2
4418,EBZBIPERO
4419,PBZBIPERO2
4420,PBZBIPERO
4421,DMSO2O2
4422,NBPINBO2
4423,DMEBIPRO2
4424,DMEBIPRO
4425,CATECHOL
4426,NPBNZOLO2
4427,C7DCCO2H
4428,ETOLO2
4429,NBUACETCO2
4430,TM123BPRO2
4431,ETBECO2
4432,ETBECCHO
4433,NTM124OLO2
4434,C3M2COCO2H
4435,ETHACET
4436,NCRESO2
4437,DM35EBO2
4438,IPROMC2O2
4439,IPROMCCHO
4440,HCOCO
4441,CO2C54CHO
4442,BOXPRONBO2
4443,BOXCOCOMO2
4444,PETLBIPRO
4445,TOL1OHNO2
4446,NEBNZOLO2
4447,METLBIPRO2
4448,CH3SCH2O2
4449,DE35TO2
4450,EMPHCOMO2
4451,BOX2EOHAO2
4452,PRCOOMCHO
4453,ETBEAO2
4454,ETBEACHO
4455,BOXPROLBO2
4456,BOXCOEOLO2
4457,CO23C6
4458,METLBIPRO
4459,NMXYOLO2
4460,NOXYOLO2
4461,C5DBCOCO2H
4462,NPXYOLO2
4463,IPBZBIPRO2
4464,IPBZBIPRO
4465,MPHCOMEO2
4466,C2CL3OHBO2
4467,C2CL3OHAO2
4468,H2M4CO5C6
4469,TLBIPERO2
4470,TLBIPERO
4471,PHC3O2
4472,NPETOLO2
4473,NIPBNZOLO2
4474,IPBENZOLO
4475,IC7DCCO2H
4476,IPRBQO2
4477,IC7DCCO2
4478,INCNO3
4479,ECATECHOL
4480,C7BDICARB
4481,OETLPOXMUC
4482,OXYEPOXMUC
4483,C536OOH
4484,C42CHO
4485,H1MC5O2
4486,NC826O2
4487,C616O
4488,HO1MC5O2
4489,C151O2
4490,C525O2
4491,H2MC5O2
4492,HEXCO2
4493,CO235C6O2
4494,CLETAL
4495,C4CHOBO2
4496,APINBO2
4497,C621O2
4498,C1215O2
4499,C510O2
4500,NPHENO2
4501,C4M2NO32O
4502,C76O2
4503,C8CO3OHO2
4504,C826O2
4505,C6CONO34O
4506,C811O2
4507,HMACRO2
4508,ACPRONEO2
4509,C613O2
4510,NSTYRENO2
4511,M2BKBO2
4512,C4CO2OOH
4513,C81O2
4514,CHOCOMOXO2
4515,NLMKAO2
4516,LIMALO2
4517,NBCALO2
4518,C7ADCO2
4519,MTBKO2
4520,C711O2
4521,C7CO3OHO2
4522,NC102O2
4523,C122O2
4524,HO3CO6C8
4525,C1312O2
4526,CO2M33CHO
4527,CO25C6CHO
4528,BOXCOCHOO2
4529,C53NO32O
4530,C5CONO34O2
4531,M2C43CHO
4532,HOC4CHOO2
4533,C1313O2
4534,C92O2
4535,M22C3CHO
4536,HM2C43CHO
4537,EIPKAO2
4538,C102O2
4539,C822O2
4540,CY6TRIONO2
4541,C23O3MCHO
4542,HO2C5O2
4543,C917O2
4544,M23C43O2
4545,C23O3CCHO
4546,MIBKCOOHO2
4547,MACROH
4548,CLCOCCL2O2
4549,CHCL2CL2O2
4550,TBUACCO
4551,NBCO2
4552,CO3C54CHO
4553,HO3C6O2
4554,NDMMALYO2
4555,C52NO33O
4556,C5NO3CO4O2
4557,ETOHOCHO
4558,CH3SO
4559,C43NO34O
4560,LMKBO2
4561,LIMBO2
4562,BCKAO2
4563,HM33C4O2
4564,C623O2
4565,C5CONO34O
4566,LIMAO2
4567,BCCO2
4568,BCAO2
4569,C4M3NO31O
4570,C4MCONO3O2
4571,C63NO32O
4572,C730O2
4573,C519CHO
4574,BCALO2
4575,CO2HOC61O2
4576,IPRACBCHO
4577,HO24C4CHO
4578,IBUTDIAL
4579,NAPINAO2
4580,NC51O2
4581,HOBUT2CHO
4582,BU1ENO3O
4583,ACEETOHO2
4584,C62NO33O
4585,C23O3ECHO
4586,NORLIMO2
4587,NC1313O2
4588,C7CO4EDB
4589,MECOFORMO2
4590,H13C43CHO
4591,C925O2
4592,C915O2
4593,BCKBO2
4594,HO1C6O2
4595,NLIMALO2
4596,COO2C3CHO
4597,C108O2
4598,NC623O2
4599,NOPINCO2
4600,C51NO32O
4601,C112O2
4602,C1213O2
4603,C611O2
4604,NOPINAO2
4605,MC4CONO3O
4606,C66NO35O
4607,H3M3C5CHO
4608,C1310O2
4609,MIBKHO4CHO
4610,C1214O2
4611,M3C4CHO
4612,C71O2
4613,NTMB1FUO2
4614,C810O2
4615,EOX2ETCHO
4616,APINAO2
4617,STYRENO2
4618,CL2OHCHO
4619,HM22C4O2
4620,M33C3CHO
4621,PRONOCOMO2
4622,CO1M22CHO
4623,C54CHO
4624,LMKAO2
4625,MEKCOH
4626,LIMCO2
4627,C1311O2
4628,NLIMO2
4629,C7DDCO2
4630,MACRNB
4631,C731O2
4632,C5CO243OH
4633,CO2N3CHO
4634,MTBEAO2
4635,HO1C5O2
4636,CO25C7
4637,NC728O2
4638,C133O
4639,C516O2
4640,C5124COO2
4641,C928O2
4642,C88CHO
4643,NBCKO2
4644,C728O2
4645,HO13C3CHO
4646,SBUACONEO2
4647,HOIBUTCHO
4648,BCBO2
4649,C4MCO2O
4650,C4MCO2OOH
4651,C530O2
4652,CO1C6O2
4653,C7MCO3OHO2
4654,C8CO2OHCO3
4655,CCL3O2
4656,HO2MC5O2
4657,INDHPCO3
4658,MO2EOLAO2
4659,NMXYOL1O2
4660,CATEC1O2
4661,PHIC3O2
4662,MC3CODBCO2
4663,NPROACEAO2
4664,PRONFORMO2
4665,NIPBNZ1O2
4666,TM135BPRO2
4667,C5CO14CO2
4668,C6DCARBBO
4669,NPHEN1O2
4670,TLEPOXMUC
4671,DMEBPOXMUC
4672,C8BCO2
4673,OETLBIPRO2
4674,PET1O2
4675,C517O2
4676,EBENZO2
4677,NCRES1O2
4678,DMPHCOMO2
4679,C720O2
4680,BPINCO2
4681,APINCO2
4682,DETLPOXMUC
4683,HM22C3O2
4684,NT123L1O2
4685,EMPHO2
4686,EMPHCO3
4687,EMPOHNO2O2
4688,T124CAT1O2
4689,C719O2
4690,C126O2
4691,C116O2
4692,MXCATEC1O2
4693,PXYL1O2
4694,MET1O2
4695,NBUACETAO2
4696,MXYEPOXMUC
4697,EGLYOOB
4698,MCATEC1O2
4699,NMETOL1O2
4700,MXYBIPERO2
4701,MXYBIPERO
4702,NPBNZ1O2
4703,EBENZOLO
4704,C7OHCO2CO3
4705,PXCATEC1O2
4706,TM124OXMUC
4707,NIPRBQO2
4708,PXYEPOXMUC
4709,C6DIALOH
4710,NPETOL1O2
4711,OTCATEC1O2
4712,C43OHCOCHO
4713,T123CAT1O2
4714,NEBNZ1O2
4715,SBUACETBO2
4716,MTCATEC1O2
4717,NT124L1O2
4718,MXY1O2
4719,CLCOCLMEO2
4720,CL1GLYOX
4721,ECATEC1O2
4722,INB1NO3
4723,C7DCCO2
4724,PHCOETO2
4725,PHCOCOCO2
4726,PBENZO2
4727,NOXYOL1O2
4728,TM135OXMUC
4729,C622O2
4730,TM124O2
4731,ACCOC3H6O2
4732,ACCOMCOMO2
4733,C6145COO2
4734,IPCATEC1O2
4735,TM123O2
4736,NOETOL1O2
4737,C88O2
4738,MGLOOB
4739,C45O2
4740,NBUACETBO2
4741,NPXYOL1O2
4742,PHCOMEO2
4743,DM124O2
4744,CH3CHCLO2
4745,CLCOCH2O2
4746,OXCATEC1O2
4747,OET1O2
4748,PXY1O2
4749,PTCATEC1O2
4750,OXYBIPERO2
4751,DIIPRETO2
4752,NPEBQO2
4753,PRONEMOXO2
4754,IPBENZO2
4755,SBUACETAO2
4756,PXYOLO
4757,C6MOHCOCO3
4758,C3MCOCO2H
4759,NPXYQO2
4760,C5DBCO2CO3
4761,DMPHO2
4762,PCATEC1O2
4763,IPBZPOXMUC
4764,EBZPOXMUC
4765,METLPOXMUC
4766,PBZPOXMUC
4767,BOXMCO3
4768,C74O2
4769,MIBKAOHBO2
4770,C6O4KETO2
4771,LMLKBO2
4772,TM124BCO3
4773,H2M2C4CHO
4774,C916O2
4775,ISOP34NO3
4776,NBPINAO2
4777,C67O2
4778,BOX2EOHBO2
4779,BOXFORMO2
4780,ETBEBO2
4781,TBOCOCH2O2
4782,MTBEACHOO2
4783,TMBCO3
4784,MXYOHNO2O2
4785,TM124BPRO2
4786,C6COCHOO2
4787,C6H5CH2CO3
4788,LMLKAO2
4789,C614CO
4790,C534O2
4791,CH3COCO3H
4792,HO5CO8C10
4793,C6CO34O2
4794,NC71O
4795,C531O2
4796,IC7DCO2
4797,CCLNO3O2
4798,C818O2
4799,BUTDBO2
4800,MPRBNO3CHO
4801,C5CO23O2
4802,HO6CO9C11
4803,C106O2
4804,CHCL2O2
4805,M3PECO2
4806,NBZQO2
4807,C513O2
4808,LIMALAO2
4809,C87O2
4810,METLMUCCO3
4811,HO7CO10C12
4812,ACBUONEBO2
4813,ACCOCOETO2
4814,C129O2
4815,C141CO
4816,DETLBIPRO2
4817,MIBK3COO2
4818,ETHENO3O2
4819,C918O2
4820,LIMALBO2
4821,C41O2
4822,C4NO3CHO
4823,C4CONO3CO
4824,NC730O2
4825,C7DDCCO2H
4826,PR2OHMOXO2
4827,C3MDIALOOH
4828,C736O2
4829,C128O2
4830,C7CO2DBCO3
4831,CO234C65O2
4832,C3MNO3CHO
4833,C824O2
4834,C118O2
4835,C519O2
4836,PXYLCO3
4837,TL4OHNO2O2
4838,ETBECCO3
4839,MTBEACHO13
4840,BPINAO2
4841,C930O2
4842,HOCO3C54O2
4843,CH2OHCL2O2
4844,CO24C6O2
4845,CL2OHCH2O2
4846,CL2OHCO3
4847,C4M2NO33O2
4848,C813O2
4849,IPRMEETO2
4850,OETLBIPRO
4851,C53O2
4852,ISOPAOOH
4853,C630O2
4854,C62O2
4855,HO4CO7C9
4856,C612O2
4857,HO1CO24C5
4858,NC91CHO
4859,PRCOOMCO3
4860,PRCOFORMO2
4861,C5CO234O2
4862,C521O2
4863,C7CODBCO3
4864,EMPOHNO2O
4865,C922O2
4866,C65NO36CHO
4867,HIEB2O2
4868,MCOOTBO2
4869,CCLOHCH2O2
4870,C919O2
4871,C135O2
4872,C7DCO2
4873,BRETO3
4874,BPINBO2
4875,C918CHO
4876,C733O2
4877,C52NO31CO
4878,M2HEXBO2
4879,CHOC4DOLO2
4880,C4NO32M2O2
4881,PINALO2
4882,MPRANO3O2
4883,C67CHO
4884,OTNNCATCO2
4885,DNIPBNZLO2
4886,PEN2ONE1O2
4887,C918CO3
4888,C8OHCO2CO3
4889,OXNCATECO2
4890,C61CO3
4891,CO45C5CHO
4892,C721CHO
4893,C3M3OH2CO3
4894,C6CO2OHCO3
4895,C58NO3
4896,NC4OHCO3
4897,MXNNCATCO2
4898,CH3OCH2O2
4899,C7MJPCO3
4900,C827O2
4901,ETOMEO2
4902,C721O2
4903,PXNCATECO2
4904,PROL1MCO3
4905,H13CO2CO3
4906,C4OHCO3
4907,PTNCATECO2
4908,CO2OH3MCO3
4909,HO8C9O2
4910,HM33C3CHO
4911,HO2C4CHO
4912,C152O2
4913,OXNNCATCO2
4914,NC91CO3
4915,C729O2
4916,EPXMEC4DAL
4917,MNCATECO2
4918,ENNCATECO2
4919,C45IC5CHO
4920,MTNCATECO2
4921,IPNCATECO2
4922,T123NNCTO2
4923,DNCRESO2
4924,MXYL1O2
4925,C713O2
4926,C5CO2OHCO3
4927,DNT123LO2
4928,C85O2
4929,CHOC4O2
4930,C73O2
4931,PNNCATECO2
4932,NNCATECO2
4933,T123NCATO2
4934,OTNCATECO2
4935,DNPXYOLO2
4936,NCATECO2
4937,HC3CCO3
4938,C3DIOLO2
4939,C79O2
4940,PETLPOXMUC
4941,C735O2
4942,C734O2
4943,MXNCATECO2
4944,HO24C4CO3
4945,HO5C5CO3
4946,C4CO2DBCO3
4947,H13C43CO3
4948,C42CO3
4949,C825O2
4950,C3NO3COO2
4951,HO3C3CO3
4952,C139O2
4953,CO2C5OH
4954,MNNCATECO2
4955,DNOETOLO2
4956,C7CO2OHCO3
4957,C511O2
4958,C831O2
4959,ENCATECO2
4960,DNMXYOLO2
4961,HO6C7O2
4962,HO7C8O2
4963,INDHCO3
4964,DNOXYOLO2
4965,DNPBNZLO2
4966,M3BU3ECO3
4967,IPNNCATCO2
4968,HPC52CO3
4969,C1212O2
4970,T124NCATO2
4971,CHOC3COO2
4972,MC7CO2O2
4973,C5M2OHOCO3
4974,NOPINDO2
4975,IECCO3
4976,H3M3C5O2
4977,HO1CO3CHO
4978,HM2C43O2
4979,CO2N3CO3
4980,MTNNCATCO2
4981,HC4CO3
4982,DNEBNZLO2
4983,CO13C4OH
4984,T124NNCTO2
4985,C107O2
4986,PNCATECO2
4987,DNMETOLO2
4988,C3EDIALO2
4989,HEX3ONCOH
4990,CO123C5CHO
4991,C85CO3
4992,DNPHENO2
4993,PTNNCATCO2
4994,DNPETOLO2
4995,NC61CO3
4996,DNT124LO2
4997,HO13C3CO3
4998,HO2CO5C6
4999,C5DBECO3
5000,PXNNCATCO2
5001,C4COMOHCO3
5002,HOACETETO2
5003,ACBUONEAO2
5004,BOXPRONAO2
5005,PRONOCOPO2
5006,PRCOOMO2
5007,C526O2
5008,DIETETO2
5009,TM124OLO
5010,NTM124QO2
5011,C7MOHCOCO3
5012,DMKCOOH
5013,NC5MDCO2H
5014,PBZMUCO
5015,BZEPOXMUC
5016,PHENOL
5017,MALDALCO2H
5018,C56O2
5019,TM124NO2O2
5020,C7ADCCO2
5021,C5CO23CHO
5022,C114O2
5023,BUTDCO2
5024,HC3CCHO
5025,C84O2
5026,ACRO2
5027,NPPRBQO2
5028,TM123BCO3
5029,DM123O2
5030,CO23C4NO3
5031,OXYLCO3
5032,OXYL1O2
5033,HO13C5O2
5034,HO13C4O2
5035,MALDIALO2
5036,C68O2
5037,HEX3ONCO2
5038,NC526O2
5039,C142O2
5040,IPROMCCO3
5041,C8DBCO2CO3
5042,DMEBMUCO2
5043,IPROC21O2
5044,IPRACBO2
5045,C57NO3
5046,C3ME3CO3
5047,CH3CHOOB
5048,C615O2
5049,PRONO3AO2
5050,C1010O2
5051,BUT2OLO
5052,C42NO33O2
5053,HEX3ONBO2
5054,C143O2
5055,MC5CO2OHO2
5056,C94O2
5057,HO1CO34C5
5058,CNO3CLO
5059,H1C23C4CHO
5060,C716O2
5061,PRONO3BO2
5062,IPBZMUCO2
5063,HPC52O2
5064,HYPERACET
5065,C6HO1CO3O2
5066,C624O2
5067,C625O2
5068,CHCL2CO3
5069,IPBZMUCO
5070,COCCOH2CO2
5071,NMBOBO2
5072,EOX2EOLAO2
5073,DETLMUCO2
5074,C6CO243OH
5075,M2BKAO2
5076,C616O2
5077,EIPEO2
5078,ACETC2H4O2
5079,ACETC2CO3
5080,C715O2
5081,BZBIPERO2
5082,TBUACCO3
5083,IPROACETO2
5084,IPRACBCO3
5085,MVKOHBO2
5086,HEX2ONCO2
5087,H13CO2C3
5088,MEMOXYCO3
5089,MXYLCO3
5090,C727O2
5091,C104O2
5092,C4M2NO32O2
5093,MC4CONO3O2
5094,C124O2
5095,HO2CO4C5
5096,TMB2FUO2
5097,C86O2
5098,EBENZO
5099,HM22C3CO3
5100,HM22CHO
5101,PRNO3CO3
5102,ACCOMECO3
5103,CO25C6O2
5104,PXCATEC1O
5105,C83O2
5106,HO6C7CO3
5107,CHOCOCH2O2
5108,MXYOLO
5109,C5CO3OH
5110,COO2C4O2
5111,CONM2CHO
5112,CLCOCLO2
5113,CO3C54CO3
5114,NTMB2FUO2
5115,MC6OTKETO2
5116,C515CO3
5117,C620O2
5118,CCLOHCO3
5119,PXYBIPERO2
5120,C23C54CO3
5121,ECATEC1O
5122,C43NO3CO3
5123,C2H5MECOO
5124,OET1O
5125,HCOCH2OOH
5126,HO7C8CO3
5127,INB1HPCO3
5128,NDNOXYOLO2
5129,C1012O2
5130,H1C23C4CO3
5131,NDNEBNZLO2
5132,EMALANHYO2
5133,PET1O
5134,C627O2
5135,C828O2
5136,CH2OOB
5137,TM123O
5138,IBUTOLCO2
5139,C821O2
5140,NDNMETOLO2
5141,ECOCO2H
5142,PXY1O
5143,IPCATEC1O
5144,C6TRONOHO2
5145,MC4CODBCO2
5146,CATEC1O
5147,MCATEC1O
5148,HO8C9CO3
5149,NDNPHENO2
5150,IPBENZO
5151,C115O2
5152,CO235C6CHO
5153,NDNIPBZLO2
5154,IPMALNHYO2
5155,NDNMXYOLO2
5156,C126OO
5157,PE2ENEAO2
5158,C515O2
5159,INANCO3
5160,C95O2
5161,TMB1FUONE
5162,H1C23C4O2
5163,HMGLYOO
5164,C1013CO3
5165,NC4CO3
5166,BCALOO
5167,C617O2
5168,ECO3CO3
5169,NC3CO3
5170,CHOC4CO3
5171,COO2C4CO3
5172,COO2C3CO3
5173,C5EDBCO3
5174,PBENZO
5175,NDNPETOLO2
5176,NOPINOO
5177,H3M2C4CO3
5178,MET1O
5179,NC4OO
5180,NDNCRESO2
5181,C5DIALO2
5182,MXCATEC1O
5183,NDNPBNZLO2
5184,PMALANHYO2
5185,C4NO3CO3
5186,C105O2
5187,OXY1O
5188,TOL1O
5189,NMGLYOX
5190,C125O2
5191,PTCATEC1O
5192,C5MEJCO3
5193,PCATEC1O
5194,C62CO3
5195,INCNCO3
5196,HO5C6CO3
5197,ETHACETO2
5198,NOAOO
5199,OXYFUO2
5200,C65NO36CO3
5201,MXY1O
5202,M3C4CO3
5203,C3MNO3CO3
5204,C721CO3
5205,C722O2
5206,MPRBNO3CO3
5207,NOXYFUO2
5208,C615CO2O2
5209,TM124O
5210,HM2C43CO3
5211,MIPKBOH
5212,ACETMECO3
5213,NDNOETOLO2
5214,CRESO
5215,C5CO2DBCO3
5216,C5CO14OH
5217,C33CO
5218,METOLO
5219,C6DCRBBOH
5220,NC3OO
5221,C88CO3
5222,C718CO3
5223,CH2CLO2
5224,CLETO3
5225,C8CO2DBCO3
5226,HC3CO3
5227,ME2BU2OLO2
5228,HO4C5CO3
5229,BOXPROLAO2
5230,CHOOCH2O2
5231,CHOOMCO3
5232,MVKOO
5233,C626O2
5234,CH3S
5235,MTCATEC1O
5236,NC4MDCO2H
5237,C726CO5O2
5238,MPAN
5239,C3DBCO3
5240,OTCATEC1O
5241,OXCATEC1O
5242,M22C3CO3
5243,HOIBUTCO3
5244,NDNPXYOLO2
5245,C819O2
5246,TBUTCHO
5247,C89O2
5248,BCLKCO2
5249,C5134CO2OH
5250,MCOCOMOXO2
5251,C5COCHOO2
5252,EPXMEDLCO3
5253,CHOMOHCO3
5254,C5MCO2OHO2
5255,BCSOZO2
5256,H3M3C4CHO
5257,C4OH2CO3
5258,MBOBO2
5259,EPXM2C4DAL
5260,MOCOCH2O2
5261,ETHFORMO2
5262,C7EDCCO
5263,C55O2
5264,HOC3H6CHO
5265,C65O2
5266,IEACO3
5267,C4DBM2CO3
5268,C64O2
5269,NC524O2
5270,TM135MUCO2
5271,EPXMALKT
5272,MBOAO2
5273,C924O2
5274,C98O2
5275,MTBEAALCO3
5276,IPRFORMO2
5277,MVKOHAO2
5278,C43NO34O2
5279,EOX2EOLBO2
5280,HEX2ONAO2
5281,CO25C73O2
5282,CL12CO3
5283,C133O2
5284,CO25C74O2
5285,C134O2
5286,MIBKBO2
5287,GLYOOA
5288,H2M2C65O2
5289,C66NO35O2
5290,C614O2
5291,M3HEXAO2
5292,HO12CO3C4
5293,IBUTALBO2
5294,HNMVKO2
5295,ME3BUOLO2
5296,C51NO32O2
5297,C6OH5O2
5298,HIEB1O2
5299,C109O2
5300,C6NO3CO5O2
5301,HEX3ONAO2
5302,PHENO
5303,C72O2
5304,C6EO2OHCO3
5305,PE1ENEAO2
5306,M2PECO2
5307,NMBOAO2
5308,BU1ENO3O2
5309,DICLETO2
5310,C64OH5O2
5311,C65OH4O2
5312,PBENZOLO
5313,ISOPBNO3
5314,C537O2
5315,C7M15CO2O2
5316,HMVKBCO3
5317,NPETOL1O
5318,CO2M3C4CO3
5319,T124CAT1O
5320,NMETOL1O
5321,BUTALAO2
5322,C715CO2O2
5323,C61O2
5324,C7BDCO2
5325,ME2BUOLO2
5326,C1014O2
5327,NPXYOL1O
5328,C87CO3
5329,NOETOL1O
5330,C4CHOAO2
5331,C732CO3
5332,C617CO3
5333,EPXMKTCO3
5334,PROPALO2
5335,C815CO2O2
5336,C820O2
5337,C823CO3
5338,HO3C5CHO
5339,EPXEKTCO3
5340,C46CO3
5341,EPXALMKT
5342,EPXMDLCO3
5343,OETLMUCCO3
5344,T123CAT1O
5345,CO25C6CO3
5346,BZEMUCCO3
5347,NDNT124LO2
5348,H2M2C4CO3
5349,C512CO3
5350,C141OO
5351,C520O2
5352,IPBFUONE
5353,NDNT123LO2
5354,C3MCODBCO3
5355,H3C25C6CO3
5356,C137CO3
5357,C828CO3
5358,PXYMUCCO3
5359,C5CO34CO3
5360,PETLMUCCO3
5361,NOXYOL1O
5362,DETLMUCO3
5363,CH3SOO2
5364,DMEBMUCO3
5365,C5124COCO3
5366,NMXYOL1O
5367,CH3COCO2H
5368,C5CODBCO2H
5369,HOBUT2CO3
5370,INAHCO3
5371,INAHPCO3
5372,C6H5CO3
5373,C6H5O2
5374,BUT2CO3
5375,CO14O3CHO
5376,H2M3C4CO3
5377,IC4CHOAO2
5378,C6OTKETO2
5379,TLEMUCCO3
5380,NBUTOLAO2
5381,C3COCCO3
5382,C1211CO3
5383,MIBKHO4O2
5384,C32OH13CO
5385,C7EDCO2
5386,C57AO2
5387,EBZMUCO2
5388,PXYMUCO2
5389,CH2OHCCLO2
5390,MXYMUCO2
5391,OXYMUCO2
5392,METLMUCO2
5393,C145O2
5394,M2PEAO2
5395,C6DIALO2
5396,C69O2
5397,BUTALO2
5398,C4OCCOHCO2
5399,CO1H63O2
5400,C3COCCHO
5401,C535O2
5402,C63NO32O2
5403,DMKOHO2
5404,C93O2
5405,C42O2
5406,MTBEBCO3
5407,MOXYCOCHO
5408,METHACETO2
5409,OETLMUCO2
5410,C4ECO2O2
5411,CO23C5
5412,H2M5C65O2
5413,C52NO33O2
5414,C6CONO34O2
5415,TLEMUCO2
5416,EPXC4DIAL
5417,BZEMUCO2
5418,CO3C4NO3O2
5419,C4M3NO31O2
5420,C63O2
5421,C82O2
5422,PETLMUCO2
5423,CO3H4CHO
5424,EPXMC4DIAL
5425,HO1CO3C4O2
5426,M3PEAO2
5427,C123O2
5428,C6H13CHO
5429,C610O2
5430,C113O2
5431,C103O2
5432,EIPK
5433,CNO3CLO2
5434,CCLOHCHO
5435,CHOCL
5436,EPXDLCO3
5437,IBUTALCO2
5438,HO2C43CHO
5439,EPXM2DLCO3
5440,C146O2
5441,C144O2
5442,C527O2
5443,ACCOCOMEO2
5444,C533O2
5445,BCLKAO2
5446,ACLOO
5447,IC4H9O2
5448,C517CO3
5449,INB1NACO3
5450,C536O2
5451,C127O2
5452,BCLKBO2
5453,OXYOLO
5454,CH2OOF
5455,C5H11CO3
5456,INB1NBCO3
5457,C117O2
5458,C3DIALO2
5459,CO356OCO2
5460,BCALBO2
5461,BCALAO2
5462,DHPMPAL
5463,NC41OO
5464,C312COCO3
5465,OETOLO
5466,C4DBMECO3
5467,CH3CCH3OO
5468,SO3
5469,BCKBOO
5470,BCKAOO
5471,NAOO
5472,TLFUONOO
5473,NC2OO
5474,CH3SO2O2
5475,BCBOCOO
5476,MEK2OO
5477,BCALCO2
5478,ETOC2O2
5479,EOX2MECO3
5480,H2M3CO5C6
5481,CO24C5
5482,LMKBOO
5483,C522CO3
5484,PETOLO
5485,NEBNZ1O
5486,C920CO3
5487,PBZMUCCO3
5488,EPXEALKT
5489,CHOC2H4O2
5490,INANCOCO3
5491,HCOCO3H
5492,NORLIMAL
5493,OXYMUCCO3
5494,MVKO2
5495,MXYFUONE
5496,C714O2
5497,CYHEXOLAO2
5498,EOCOCH2O2
5499,ME3BU3ECHO
5500,MACROHO2
5501,HEX2ONBO2
5502,MNO3COC4O2
5503,C4NO32M1O2
5504,C9M2CO6O2
5505,C61CHO
5506,C712O2
5507,NT123L1O
5508,ISOPCOOH
5509,COHM2CO3
5510,HCOCO2H
5511,NCRES1O
5512,NPBNZ1O
5513,NIPBNZ1O
5514,C4MOHOCO3
5515,CO24C63O2
5516,CO234C6
5517,C47CO3
5518,M2BUOL2O2
5519,C31CO3
5520,EBZMUCCO3
5521,ACROO
5522,M33C3CO3
5523,C629O2
5524,C618CO3
5525,HM22C3CHO
5526,MPRBNO3O2
5527,HC4ACO3
5528,C6134CO2OH
5529,C54O2
5530,NT124L1O
5531,PE2ENEBO2
5532,C5DICARBO2
5533,MIBKAOHAO2
5534,C6CO3OH5O2
5535,MEBFUONE
5536,C62CHO
5537,C5NO3COAO2
5538,TM135MUCO3
5539,C929O2
5540,IPBZMUCCO3
5541,HEPTO2
5542,C23O3CCO3
5543,HO24C5O2
5544,HMGLOO
5545,HMACO3
5546,C52O2
5547,ACETETCHO
5548,CO2M33CO3
5549,M3FOO
5550,BZFUONOO
5551,C53NO32O2
5552,ISOPDNO3
5553,TM124MUCO2
5554,H3C2C4CO3
5555,HM33C3O2
5556,C729CO3
5557,MALDIALCO3
5558,C4M2ALOHO2
5559,C817CO3
5560,C5O45OHCO3
5561,LIMBOO
5562,C5OH2CO4O2
5563,C827CO3
5564,HO2C4CO3
5565,IPRCHOO
5566,TBUTCO3
5567,NC4H9CHOO
5568,MPRKAO2
5569,H13CO2CHO
5570,C830CO3
5571,C6H13CO3
5572,CO1M22CO3
5573,C615CO3
5574,HO3C5CO3
5575,DIEKAO2
5576,NPHEN1O
5577,C23O3MO2
5578,A2PANOO
5579,MIPKAO2
5580,CHOPRNO3
5581,C511CO3
5582,EPXKTMCO3
5583,CO23C65O2
5584,H3M3C4CO3
5585,C5HPALD1
5586,HO5C5CHO
5587,NBUTOLBO2
5588,BCKSZOO
5589,C62NO33O2
5590,PBZMUCO2
5591,C65NO36O2
5592,M3HEXBO2
5593,ETBEACO3
5594,C4M3NO32O2
5595,EIPKBO2
5596,C6DICARBO2
5597,CY6DIONO2
5598,PECO2
5599,HO2CO4C5O2
5600,M23C4O2
5601,IPEBO2
5602,C826CO3O2
5603,H3M3C5CO3
5604,PROL11MO2
5605,C77O2
5606,MC6CO2O2
5607,C920O2
5608,C7CO2M5O2
5609,MMALANHYO2
5610,C512O2
5611,EBFUONE
5612,C7ADCCO3
5613,C628O2
5614,HC4CCO3
5615,PBFUONE
5616,C6M5CO2O2
5617,MC4CODBCO3
5618,MACROO
5619,C4COMOH3O2
5620,C58O2
5621,MXYMUCCO3
5622,H13M3C5O2
5623,CO235C5CHO
5624,C7M6CO2O2
5625,PE4E2CO
5626,BIACET
5627,C23O3MCO3
5628,C6DIAL
5629,C1H4C5CO3
5630,MACRNBCO3
5631,INCO2
5632,NOA
5633,C4NO3COO2
5634,C4CONO3O2
5635,CH3CHOHCO3
5636,C66O2
5637,MBOOO
5638,C6COCHOCO3
5639,NORPINAL
5640,NAPINBO2
5641,PXYFUONE
5642,IBUDIALCO3
5643,APINBOO
5644,MECOACETO2
5645,MEKAOH
5646,C89CO3
5647,IC7DCCO3
5648,IPRGLYOX
5649,C4CO2O2
5650,C23O3EO2
5651,OCCOHCO2
5652,C131CO3
5653,PHCHOO
5654,C7DCCO3
5655,PGLYOX
5656,CHCLOO
5657,CO24C4CHO
5658,C7DDCCO3
5659,C2H5CHOO
5660,CO2C3OO
5661,C518CO3
5662,C3H7CHOO
5663,CO235C6CO3
5664,C822CO3
5665,CH3CHOO
5666,MACRO2
5667,CO3H4CO3
5668,C78O2
5669,C6H5O
5670,OXYBIPERO
5671,BZFUONE
5672,HOIPRCO3
5673,C4H9CO3
5674,CHOC4OHO2
5675,INANO3
5676,C4MCO2O2
5677,TM123BPRO
5678,C131O2
5679,C618O2
5680,PROL1MCHO
5681,C3M3OH2CHO
5682,HO2C54CO3
5683,HOC3H6CO3
5684,HO3C4CHO
5685,ACO3
5686,C7M2CO5O2
5687,CO3C5CO3
5688,TLFUONE
5689,HMVKANO3
5690,C141CO2H
5691,TM124MUCO3
5692,HEX3ONDO2
5693,C52NO31O2
5694,TM123MUCO2
5695,M2PEBO2
5696,HO2C54CHO
5697,C5HPALD2
5698,C3MDIALO2
5699,NEOPO2
5700,TC4H9O2
5701,C816CO3
5702,C816O2
5703,C5CO14O2
5704,C23O3ECO3
5705,C67CO3
5706,C827CHO
5707,CO2C54CO3
5708,C926O2
5709,C6DCARBBO2
5710,C4MCODBCO3
5711,C6CODIAL
5712,BCAOO
5713,C136CO3
5714,MC3CODBCO3
5715,HO1C3O2
5716,C54CO3
5717,CO23C54O2
5718,M2C43CO3
5719,C8M2CO6O2
5720,CO2MC5OH
5721,CO24C53O2
5722,CHOC2CO3
5723,IBUTALOH
5724,BUT2OLO2
5725,HO2C43CO3
5726,IPGLOO
5727,ISOPANO3
5728,C126CO3
5729,GAOO
5730,PGLOO
5731,MMALNACO3
5732,C4OHCHO
5733,MMALNBCO3
5734,HMVKBO2
5735,ACCOMECHO
5736,C731CO3
5737,HMACR
5738,HOCH2COCHO
5739,C811CO3
5740,CO2C43CHO
5741,C136O2
5742,INDO2
5743,C147O2
5744,C58AO2
5745,H3C25C6O2
5746,HMVKAO2
5747,ME3BU2OLO2
5748,TM124BPRO
5749,C5CO234
5750,MIBKAO2
5751,C4DBDIKET
5752,HCOCOHCO3
5753,C96CO3
5754,MACRNOO
5755,BUT2CHO
5756,C624CO3
5757,M22C43O2
5758,DDECO2
5759,MALDIAL
5760,HC3CHO
5761,MALANHYO2
5762,NC3CHO
5763,C622CO3
5764,HO2C3CHO
5765,C1210CO3
5766,C519CO3
5767,HOIPRCHO
5768,NONO2
5769,MC5DICARB
5770,INB1O2
5771,C617CHO
5772,IBUTOLBO2
5773,CO235C6
5774,C116CO3
5775,C7DICARB
5776,HO3C3CHO
5777,IC7DICARB
5778,C729CHO
5779,CHOC3COCO3
5780,M2PEDO2
5781,H2M2C3CHO
5782,EGLYOO
5783,C57NO3CO3
5784,M22C4O2
5785,HM22CO3
5786,CYHXONAO2
5787,CO13C4CHO
5788,BIACETOH
5789,C626CO3
5790,C517CHO
5791,C626CHO
5792,C5MDICARB
5793,CO2H3CO3
5794,NC4CHO
5795,CH3CHOHCHO
5796,MVKOH
5797,PE1ENEBO2
5798,BCBOO
5799,CO2C4CHO
5800,C141CO3
5801,C524O2
5802,C927O2
5803,IPRCO3
5804,MGLOO
5805,C7EDICARB
5806,CO23C4CHO
5807,UDECO2
5808,HEXAO2
5809,CO3C4CHO
5810,HO1CO4C6
5811,M3PEBO2
5812,CO2M3C5OH
5813,H2M3C4CHO
5814,SC4H9O2
5815,MIPKBO2
5816,C829O2
5817,CO24C6
5818,C1210O2
5819,HO5C6O2
5820,IC3H7O2
5821,DECO2
5822,HO3C76O2
5823,CO3C4CO3
5824,HO3C4CO3
5825,C923CO3
5826,C3H7CO3
5827,C148O2
5828,M3F
5829,C6DICARB
5830,EGLYOX
5831,C41CO3
5832,C51O2
5833,C5DICARB
5834,C5PACALD2
5835,C5PACALD1
5836,C7DDICARB
5837,CONM2CO3
5838,C4CODIAL
5839,ISOP34O2
5840,LIMKET
5841,C727CO3
5842,HO3C4O2
5843,MGLYOO
5844,HO2C54O2
5845,MEKBO2
5846,H2M3C4O2
5847,HYPROPO2
5848,C2H5O2
5849,C3MDIALOH
5850,NO3CH2CO3
5851,INB2O2
5852,MACRNCO3
5853,HM33C3CO3
5854,IPECO2
5855,C928CO3
5856,C716OH
5857,CO23C4CO3
5858,OCTO2
5859,DIEKBO2
5860,M33C4O2
5861,TBUTOLO2
5862,M2HEXAO2
5863,IPEAO2
5864,MEKCO2
5865,HO3C5O2
5866,HEXBO2
5867,HO2C4O2
5868,H2M4C65O2
5869,CO2C54O2
5870,HO2C3CO3
5871,HMVKBCHO
5872,HO2M2C4O2
5873,CO2C3CO3
5874,C58NO3CO3
5875,GLYOO
5876,CH3COCO3
5877,INAO2
5878,C57O2
5879,C624CHO
5880,MACO3
5881,HOC2H4CHO
5882,C5H11CHO
5883,C2H5CO3
5884,C59O2
5885,HCOCH2CHO
5886,LMLKET
5887,NO3CH2CHO
5888,CHEXO2
5889,PEAO2
5890,C2H5CHO
5891,IPROPOLO2
5892,PEBO2
5893,ISOPCNO3
5894,CO2C4CO3
5895,HOCH2CH2O2
5896,BIACETO2
5897,C96O2
5898,C126CHO
5899,C622CHO
5900,C518CHO
5901,ACETOL
5902,C141O2
5903,NC4H9O2
5904,C817O2
5905,NC3H7O2
5906,H2M2C3CO3
5907,NOPINONE
5908,HCOCH2CO3
5909,HC4ACHO
5910,HOC2H4CO3
5911,CO2C3CHO
5912,CH2OO
5913,CISOPCO2
5914,ISOPCO2
5915,CO23C3CHO
5916,C4MDIAL
5917,CO2H3CHO
5918,CISOPAO2
5919,ISOPAO2
5920,ISOPBO2
5921,HC4CCHO
5922,MACRNO3
5923,HCOCO3
5924,MGLYOX
5925,ISOPDO2
5926,PINAL
5927,MVKNO3
5928,MVK
5929,HCOCH2O2
5930,GLYOX
5931,CL
5932,HOCH2CO3
5933,LIMAL
5934,C923O2
5935,HOCH2CHO
5936,MEKAO2
5937,C116CHO
5938,CH3COCH2O2
5939,C3ME3CHOO2
5940,CH3CO3
5941,C1011CO3
5942,IPRHOCO3
5943,C132O2
5944,BCLKET
5945,BCAL
5946,BCKET
